exercicio;instituicao;cod_ibge;uf;anexo;rotulo;coluna;cod_conta;conta;valor;populacao
2017;Prefeitura Municipal de Campo Grande - AL;2701506;AL;DCA-Anexo I-C;Padrão;Receitas Brutas Realizadas;TotalReceitas;Total Receitas;25870743,89;9678
2017;Prefeitura Municipal de Campo Grande - AL;2701506;AL;DCA-Anexo I-C;Padrão;Deduções - FUNDEB;TotalReceitas;Total Receitas;2381219,45;9678
2017;Prefeitura Municipal de Campo Grande - AL;2701506;AL;DCA-Anexo I-C;Padrão;Receitas Brutas Realizadas;RO1.0.0.0.00.00.00;1.0.0.0.00.00.00 - Receitas Correntes;25770743,89;9678
2017;Prefeitura Municipal de Campo Grande - AL;2701506;AL;DCA-Anexo I-C;Padrão;Deduções - FUNDEB;RO1.0.0.0.00.00.00;1.0.0.0.00.00.00 - Receitas Correntes;2381219,45;9678
2017;Prefeitura Municipal de Campo Grande - AL;2701506;AL;DCA-Anexo I-C;Padrão;Receitas Brutas Realizadas;RO1.1.0.0.00.00.00;1.1.0.0.00.00.00 - Receita Tributária;258542,55;9678
2017;Prefeitura Municipal de Campo Grande - AL;2701506;AL;DCA-Anexo I-C;Padrão;Receitas Brutas Realizadas;RO1.1.1.0.00.00.00;1.1.1.0.00.00.00 - Impostos;258542,55;9678
2017;Prefeitura Municipal de Campo Grande - AL;2701506;AL;DCA-Anexo I-C;Padrão;Receitas Brutas Realizadas;RO1.1.1.2.00.00.00;1.1.1.2.00.00.00 - Impostos sobre o Patrimônio e a Renda;140996,94;9678
2017;Prefeitura Municipal de Campo Grande - AL;2701506;AL;DCA-Anexo I-C;Padrão;Receitas Brutas Realizadas;RO1.1.1.2.02.00.00;1.1.1.2.02.00.00 - Imposto sobre a Propriedade Predial e Territorial Urbana ¿ IPTU;1943,81;9678
2017;Prefeitura Municipal de Campo Grande - AL;2701506;AL;DCA-Anexo I-C;Padrão;Receitas Brutas Realizadas;RO1.1.1.2.04.00.00;1.1.1.2.04.00.00 - Imposto sobre a Renda e Proventos de Qualquer Natureza ¿ IR;134150,93;9678
2017;Prefeitura Municipal de Campo Grande - AL;2701506;AL;DCA-Anexo I-C;Padrão;Receitas Brutas Realizadas;RO1.1.1.2.04.31.00;1.1.1.2.04.31.00 - Retido nas Fontes - Trabalho;134150,93;9678
2017;Prefeitura Municipal de Campo Grande - AL;2701506;AL;DCA-Anexo I-C;Padrão;Receitas Brutas Realizadas;RO1.1.1.2.08.00.00;"1.1.1.2.08.00.00 - Imposto sobre Transmissão ""Inter Vivos"" de Bens Imóveis e de Direitos Reais sobre Imóveis ¿ ITBI";4902,20;9678
2017;Prefeitura Municipal de Campo Grande - AL;2701506;AL;DCA-Anexo I-C;Padrão;Receitas Brutas Realizadas;RO1.1.1.3.00.00.00;1.1.1.3.00.00.00 - Impostos sobre a Produção e a Circulação;117545,61;9678
2017;Prefeitura Municipal de Campo Grande - AL;2701506;AL;DCA-Anexo I-C;Padrão;Receitas Brutas Realizadas;RO1.1.1.3.05.00.00;1.1.1.3.05.00.00 - Imposto sobre Serviços de Qualquer Natureza ¿ ISSQN;117545,61;9678
2017;Prefeitura Municipal de Campo Grande - AL;2701506;AL;DCA-Anexo I-C;Padrão;Receitas Brutas Realizadas;RO1.2.0.0.00.00.00;1.2.0.0.00.00.00 - Receitas de Contribuições;16917,55;9678
2017;Prefeitura Municipal de Campo Grande - AL;2701506;AL;DCA-Anexo I-C;Padrão;Receitas Brutas Realizadas;RO1.2.1.0.00.00.00;1.2.1.0.00.00.00 - Contribuições Sociais;16917,55;9678
2017;Prefeitura Municipal de Campo Grande - AL;2701506;AL;DCA-Anexo I-C;Padrão;Receitas Brutas Realizadas;RO1.2.1.0.99.00.00;1.2.1.0.99.00.00 - Outras Contribuições Sociais;16917,55;9678
2017;Prefeitura Municipal de Campo Grande - AL;2701506;AL;DCA-Anexo I-C;Padrão;Receitas Brutas Realizadas;RO1.3.0.0.00.00.00;1.3.0.0.00.00.00 - Receita Patrimonial;22166,11;9678
2017;Prefeitura Municipal de Campo Grande - AL;2701506;AL;DCA-Anexo I-C;Padrão;Receitas Brutas Realizadas;RO1.3.2.0.00.00.00;1.3.2.0.00.00.00 - Receitas de Valores Mobiliários;22166,11;9678
2017;Prefeitura Municipal de Campo Grande - AL;2701506;AL;DCA-Anexo I-C;Padrão;Receitas Brutas Realizadas;RO1.3.2.5.00.00.00;1.3.2.5.00.00.00 - Remuneração de Depósitos Bancários;22166,11;9678
2017;Prefeitura Municipal de Campo Grande - AL;2701506;AL;DCA-Anexo I-C;Padrão;Receitas Brutas Realizadas;RO1.7.0.0.00.00.00;1.7.0.0.00.00.00 - Transferências Correntes;25468462,32;9678
2017;Prefeitura Municipal de Campo Grande - AL;2701506;AL;DCA-Anexo I-C;Padrão;Deduções - FUNDEB;RO1.7.0.0.00.00.00;1.7.0.0.00.00.00 - Transferências Correntes;2381219,45;9678
2017;Prefeitura Municipal de Campo Grande - AL;2701506;AL;DCA-Anexo I-C;Padrão;Receitas Brutas Realizadas;RO1.7.2.0.00.00.00;1.7.2.0.00.00.00 - Transferências Intergovernamentais;25468462,32;9678
2017;Prefeitura Municipal de Campo Grande - AL;2701506;AL;DCA-Anexo I-C;Padrão;Deduções - FUNDEB;RO1.7.2.0.00.00.00;1.7.2.0.00.00.00 - Transferências Intergovernamentais;2381219,45;9678
2017;Prefeitura Municipal de Campo Grande - AL;2701506;AL;DCA-Anexo I-C;Padrão;Receitas Brutas Realizadas;RO1.7.2.1.00.00.00;1.7.2.1.00.00.00 - Transferências da União;12466680,74;9678
2017;Prefeitura Municipal de Campo Grande - AL;2701506;AL;DCA-Anexo I-C;Padrão;Deduções - FUNDEB;RO1.7.2.1.00.00.00;1.7.2.1.00.00.00 - Transferências da União;1595474,94;9678
2017;Prefeitura Municipal de Campo Grande - AL;2701506;AL;DCA-Anexo I-C;Padrão;Receitas Brutas Realizadas;RO1.7.2.1.01.00.00;1.7.2.1.01.00.00 - Participação na Receita da União;8681271,94;9678
2017;Prefeitura Municipal de Campo Grande - AL;2701506;AL;DCA-Anexo I-C;Padrão;Deduções - FUNDEB;RO1.7.2.1.01.00.00;1.7.2.1.01.00.00 - Participação na Receita da União;1592471,15;9678
2017;Prefeitura Municipal de Campo Grande - AL;2701506;AL;DCA-Anexo I-C;Padrão;Receitas Brutas Realizadas;RO1.7.2.1.01.02.00;1.7.2.1.01.02.00 - Cota-Parte do Fundo de Participação dos Municípios ¿ FPM;8678330,82;9678
2017;Prefeitura Municipal de Campo Grande - AL;2701506;AL;DCA-Anexo I-C;Padrão;Deduções - FUNDEB;RO1.7.2.1.01.02.00;1.7.2.1.01.02.00 - Cota-Parte do Fundo de Participação dos Municípios ¿ FPM;1591882,99;9678
2017;Prefeitura Municipal de Campo Grande - AL;2701506;AL;DCA-Anexo I-C;Padrão;Receitas Brutas Realizadas;RO1.7.2.1.01.05.00;1.7.2.1.01.05.00 - Cota-Parte do Imposto Sobre a Propriedade Territorial Rural ¿ ITR;2941,12;9678
2017;Prefeitura Municipal de Campo Grande - AL;2701506;AL;DCA-Anexo I-C;Padrão;Deduções - FUNDEB;RO1.7.2.1.01.05.00;1.7.2.1.01.05.00 - Cota-Parte do Imposto Sobre a Propriedade Territorial Rural ¿ ITR;588,16;9678
2017;Prefeitura Municipal de Campo Grande - AL;2701506;AL;DCA-Anexo I-C;Padrão;Receitas Brutas Realizadas;RO1.7.2.1.22.00.00;1.7.2.1.22.00.00 - Transferências da Compensação Financeira pela Exploração de Recursos Naturais;92456,09;9678
2017;Prefeitura Municipal de Campo Grande - AL;2701506;AL;DCA-Anexo I-C;Padrão;Receitas Brutas Realizadas;RO1.7.2.1.22.70.00;1.7.2.1.22.70.00 - Cota-Parte do Fundo Especial do Petróleo ¿ FEP;92456,09;9678
2017;Prefeitura Municipal de Campo Grande - AL;2701506;AL;DCA-Anexo I-C;Padrão;Receitas Brutas Realizadas;RO1.7.2.1.33.00.00;1.7.2.1.33.00.00 - Transferências de Recursos do Sistema Único de Saúde - SUS - Repasses Fundo a Fundo;2870122,77;9678
2017;Prefeitura Municipal de Campo Grande - AL;2701506;AL;DCA-Anexo I-C;Padrão;Receitas Brutas Realizadas;RO1.7.2.1.34.00.00;1.7.2.1.34.00.00 - Transferências de Recursos do Fundo Nacional de Assistência Social ¿ FNAS;257656,07;9678
2017;Prefeitura Municipal de Campo Grande - AL;2701506;AL;DCA-Anexo I-C;Padrão;Receitas Brutas Realizadas;RO1.7.2.1.35.00.00;1.7.2.1.35.00.00 - Transferências de Recursos do Fundo Nacional do Desenvolvimento da Educação ¿ FNDE;543389,47;9678
2017;Prefeitura Municipal de Campo Grande - AL;2701506;AL;DCA-Anexo I-C;Padrão;Receitas Brutas Realizadas;RO1.7.2.1.36.00.00;1.7.2.1.36.00.00 - Transferências Financeiras do ICMS ¿ Desoneração ¿ L.C. Nº 87/96;16360,42;9678
2017;Prefeitura Municipal de Campo Grande - AL;2701506;AL;DCA-Anexo I-C;Padrão;Deduções - FUNDEB;RO1.7.2.1.36.00.00;1.7.2.1.36.00.00 - Transferências Financeiras do ICMS ¿ Desoneração ¿ L.C. Nº 87/96;3003,79;9678
2017;Prefeitura Municipal de Campo Grande - AL;2701506;AL;DCA-Anexo I-C;Padrão;Receitas Brutas Realizadas;RO1.7.2.1.99.00.00;1.7.2.1.99.00.00 - Outras Transferências da União;5423,98;9678
2017;Prefeitura Municipal de Campo Grande - AL;2701506;AL;DCA-Anexo I-C;Padrão;Receitas Brutas Realizadas;RO1.7.2.2.00.00.00;1.7.2.2.00.00.00 - Transferências dos Estados;4193824,65;9678
2017;Prefeitura Municipal de Campo Grande - AL;2701506;AL;DCA-Anexo I-C;Padrão;Deduções - FUNDEB;RO1.7.2.2.00.00.00;1.7.2.2.00.00.00 - Transferências dos Estados;785744,51;9678
2017;Prefeitura Municipal de Campo Grande - AL;2701506;AL;DCA-Anexo I-C;Padrão;Receitas Brutas Realizadas;RO1.7.2.2.01.00.00;1.7.2.2.01.00.00 - Participação na Receita dos Estados;4079695,22;9678
2017;Prefeitura Municipal de Campo Grande - AL;2701506;AL;DCA-Anexo I-C;Padrão;Deduções - FUNDEB;RO1.7.2.2.01.00.00;1.7.2.2.01.00.00 - Participação na Receita dos Estados;785744,51;9678
2017;Prefeitura Municipal de Campo Grande - AL;2701506;AL;DCA-Anexo I-C;Padrão;Receitas Brutas Realizadas;RO1.7.2.2.01.01.00;1.7.2.2.01.01.00 - Cota-Parte do ICMS;3624613,76;9678
2017;Prefeitura Municipal de Campo Grande - AL;2701506;AL;DCA-Anexo I-C;Padrão;Deduções - FUNDEB;RO1.7.2.2.01.01.00;1.7.2.2.01.01.00 - Cota-Parte do ICMS;736440,78;9678
2017;Prefeitura Municipal de Campo Grande - AL;2701506;AL;DCA-Anexo I-C;Padrão;Receitas Brutas Realizadas;RO1.7.2.2.01.02.00;1.7.2.2.01.02.00 - Cota-Parte do IPVA;232661,42;9678
2017;Prefeitura Municipal de Campo Grande - AL;2701506;AL;DCA-Anexo I-C;Padrão;Deduções - FUNDEB;RO1.7.2.2.01.02.00;1.7.2.2.01.02.00 - Cota-Parte do IPVA;46921,14;9678
2017;Prefeitura Municipal de Campo Grande - AL;2701506;AL;DCA-Anexo I-C;Padrão;Receitas Brutas Realizadas;RO1.7.2.2.01.04.00;1.7.2.2.01.04.00 - Cota-Parte do IPI - Municípios;11912,86;9678
2017;Prefeitura Municipal de Campo Grande - AL;2701506;AL;DCA-Anexo I-C;Padrão;Deduções - FUNDEB;RO1.7.2.2.01.04.00;1.7.2.2.01.04.00 - Cota-Parte do IPI - Municípios;2382,59;9678
2017;Prefeitura Municipal de Campo Grande - AL;2701506;AL;DCA-Anexo I-C;Padrão;Receitas Brutas Realizadas;RO1.7.2.2.01.13.00;1.7.2.2.01.13.00 - Cota-Parte da Contribuição de Intervenção no Domínio Econômico;21600,45;9678
2017;Prefeitura Municipal de Campo Grande - AL;2701506;AL;DCA-Anexo I-C;Padrão;Receitas Brutas Realizadas;RO1.7.2.2.01.99.00;1.7.2.2.01.99.00 - Outras Participações na Receita dos Estados;188906,73;9678
2017;Prefeitura Municipal de Campo Grande - AL;2701506;AL;DCA-Anexo I-C;Padrão;Receitas Brutas Realizadas;RO1.7.2.2.22.00.00;1.7.2.2.22.00.00 - Transferências da Cota-Parte da Compensação Financeira (25%);22016,66;9678
2017;Prefeitura Municipal de Campo Grande - AL;2701506;AL;DCA-Anexo I-C;Padrão;Receitas Brutas Realizadas;RO1.7.2.2.22.30.00;1.7.2.2.22.30.00 - Cota-Parte Royalties - Compensação Financeira pela Produção de Petróleo - Lei nº 7.990/89 artigo 9º;22016,66;9678
2017;Prefeitura Municipal de Campo Grande - AL;2701506;AL;DCA-Anexo I-C;Padrão;Receitas Brutas Realizadas;RO1.7.2.2.33.00.00;1.7.2.2.33.00.00 - Transferências de Recursos do Estado para Programas de Saúde - Repasse Fundo a Fundo;92112,77;9678
2017;Prefeitura Municipal de Campo Grande - AL;2701506;AL;DCA-Anexo I-C;Padrão;Receitas Brutas Realizadas;RO1.7.2.4.00.00.00;1.7.2.4.00.00.00 - Transferências Multigovernamentais;8807956,93;9678
2017;Prefeitura Municipal de Campo Grande - AL;2701506;AL;DCA-Anexo I-C;Padrão;Receitas Brutas Realizadas;RO1.7.2.4.01.00.00;1.7.2.4.01.00.00 - Transferências de Recursos do Fundo de Manutenção e Desenvolvimento do Ensino Fundamental e de Valorização do Magistério - FUNDEB;7465286,30;9678
2017;Prefeitura Municipal de Campo Grande - AL;2701506;AL;DCA-Anexo I-C;Padrão;Receitas Brutas Realizadas;RO1.7.2.4.02.00.00;1.7.2.4.02.00.00 - Transferências de Recursos da Complementação ao Fundo de Manutenção e Desenvolvimento do Ensino Fundamental e de Valorização do Magistério - FUNDEB;1342670,63;9678
2017;Prefeitura Municipal de Campo Grande - AL;2701506;AL;DCA-Anexo I-C;Padrão;Receitas Brutas Realizadas;RO1.9.0.0.00.00.00;1.9.0.0.00.00.00 - Outras Receitas Correntes;4655,36;9678
2017;Prefeitura Municipal de Campo Grande - AL;2701506;AL;DCA-Anexo I-C;Padrão;Receitas Brutas Realizadas;RO1.9.9.0.00.00.00;1.9.9.0.00.00.00 - Receitas Diversas;4655,36;9678
2017;Prefeitura Municipal de Campo Grande - AL;2701506;AL;DCA-Anexo I-C;Padrão;Receitas Brutas Realizadas;RO1.9.9.0.99.00.00;1.9.9.0.99.00.00 - Outras Receitas;4655,36;9678
2017;Prefeitura Municipal de Campo Grande - AL;2701506;AL;DCA-Anexo I-C;Padrão;Receitas Brutas Realizadas;RO2.0.0.0.00.00.00;2.0.0.0.00.00.00 - Receitas de Capital;100000,00;9678
2017;Prefeitura Municipal de Campo Grande - AL;2701506;AL;DCA-Anexo I-C;Padrão;Receitas Brutas Realizadas;RO2.4.0.0.00.00.00;2.4.0.0.00.00.00 - Transferências de Capital;100000,00;9678
2017;Prefeitura Municipal de Campo Grande - AL;2701506;AL;DCA-Anexo I-C;Padrão;Receitas Brutas Realizadas;RO2.4.7.0.00.00.00;2.4.7.0.00.00.00 - Transferências de Convênios;100000,00;9678
2017;Prefeitura Municipal de Campo Grande - AL;2701506;AL;DCA-Anexo I-C;Padrão;Receitas Brutas Realizadas;RO2.4.7.1.00.00.00;2.4.7.1.00.00.00 - Transferências de Convênios da União e de suas Entidades;100000,00;9678
2017;Prefeitura Municipal de Campo Grande - AL;2701506;AL;DCA-Anexo I-C;Padrão;Receitas Brutas Realizadas;RO2.4.7.1.99.00.00;2.4.7.1.99.00.00 - Outras Transferências de Convênios da União;100000,00;9678
2018;Prefeitura Municipal de Campo Grande - AL;2701506;AL;DCA-Anexo I-C;Padrão;Receitas Brutas Realizadas;TotalReceitas;Total Receitas;30735149,94;9678
2018;Prefeitura Municipal de Campo Grande - AL;2701506;AL;DCA-Anexo I-C;Padrão;Deduções - FUNDEB;TotalReceitas;Total Receitas;2610751,99;9678
2018;Prefeitura Municipal de Campo Grande - AL;2701506;AL;DCA-Anexo I-C;Padrão;Receitas Brutas Realizadas;RO1.0.0.0.00.0.0;1.0.0.0.00.0.0 - Receitas Correntes;30181933,61;9678
2018;Prefeitura Municipal de Campo Grande - AL;2701506;AL;DCA-Anexo I-C;Padrão;Deduções - FUNDEB;RO1.0.0.0.00.0.0;1.0.0.0.00.0.0 - Receitas Correntes;2610751,99;9678
2018;Prefeitura Municipal de Campo Grande - AL;2701506;AL;DCA-Anexo I-C;Padrão;Receitas Brutas Realizadas;RO1.1.0.0.00.0.0;1.1.0.0.00.0.0 - Impostos, Taxas e Contribuições de Melhoria;173214,17;9678
2018;Prefeitura Municipal de Campo Grande - AL;2701506;AL;DCA-Anexo I-C;Padrão;Receitas Brutas Realizadas;RO1.1.1.0.00.0.0;1.1.1.0.00.0.0 - Impostos;173214,17;9678
2018;Prefeitura Municipal de Campo Grande - AL;2701506;AL;DCA-Anexo I-C;Padrão;Receitas Brutas Realizadas;RO1.1.1.8.00.0.0;1.1.1.8.00.0.0 Impostos Específicos de Estados, DF e Municípios;109875,20;9678
2018;Prefeitura Municipal de Campo Grande - AL;2701506;AL;DCA-Anexo I-C;Padrão;Receitas Brutas Realizadas;RO1.1.1.8.01.0.0;1.1.1.8.01.0.0 Impostos sobre o Patrimônio para Estados/DF/Municípios;36243,00;9678
2018;Prefeitura Municipal de Campo Grande - AL;2701506;AL;DCA-Anexo I-C;Padrão;Receitas Brutas Realizadas;RO1.1.1.8.01.1.0;1.1.1.8.01.1.0 Imposto sobre a Propriedade Predial e Territorial Urbana;12681,00;9678
2018;Prefeitura Municipal de Campo Grande - AL;2701506;AL;DCA-Anexo I-C;Padrão;Receitas Brutas Realizadas;RO1.1.1.8.01.4.0;1.1.1.8.01.4.0 Imposto sobre Transmissão ¿Inter Vivos¿ de Bens Imóveis e de Direitos Reais sobre Imóveis;23562,00;9678
2018;Prefeitura Municipal de Campo Grande - AL;2701506;AL;DCA-Anexo I-C;Padrão;Receitas Brutas Realizadas;RO1.1.1.8.02.0.0;1.1.1.8.02.0.0 Impostos sobre a Produção, Circulação de Mercadorias e Serviços;73632,20;9678
2018;Prefeitura Municipal de Campo Grande - AL;2701506;AL;DCA-Anexo I-C;Padrão;Receitas Brutas Realizadas;RO1.1.1.8.02.3.0;1.1.1.8.02.3.0 Imposto sobre Serviços de Qualquer Natureza;73632,20;9678
2018;Prefeitura Municipal de Campo Grande - AL;2701506;AL;DCA-Anexo I-C;Padrão;Receitas Brutas Realizadas;RO1.1.1.9.00.0.0;1.1.1.9.00.0.0 - Outros Impostos;63338,97;9678
2018;Prefeitura Municipal de Campo Grande - AL;2701506;AL;DCA-Anexo I-C;Padrão;Receitas Brutas Realizadas;RO1.2.0.0.00.0.0;1.2.0.0.00.0.0 - Contribuições;4892,57;9678
2018;Prefeitura Municipal de Campo Grande - AL;2701506;AL;DCA-Anexo I-C;Padrão;Receitas Brutas Realizadas;RO1.2.2.0.00.0.0;1.2.2.0.00.0.0 - Contribuições Econômicas;4892,57;9678
2018;Prefeitura Municipal de Campo Grande - AL;2701506;AL;DCA-Anexo I-C;Padrão;Receitas Brutas Realizadas;RO1.2.2.8.00.0.0;1.2.2.8.00.0.0 - Contribuições Econômicas Específicas de EST/DF/MUN;4892,57;9678
2018;Prefeitura Municipal de Campo Grande - AL;2701506;AL;DCA-Anexo I-C;Padrão;Receitas Brutas Realizadas;RO1.3.0.0.00.0.0;1.3.0.0.00.0.0 - Receita Patrimonial;23603,35;9678
2018;Prefeitura Municipal de Campo Grande - AL;2701506;AL;DCA-Anexo I-C;Padrão;Receitas Brutas Realizadas;RO1.3.2.0.00.0.0;1.3.2.0.00.0.0 - Valores Mobiliários;23603,35;9678
2018;Prefeitura Municipal de Campo Grande - AL;2701506;AL;DCA-Anexo I-C;Padrão;Receitas Brutas Realizadas;RO1.3.2.1.00.0.0;1.3.2.1.00.0.0 - Juros e Correções Monetárias;23603,35;9678
2018;Prefeitura Municipal de Campo Grande - AL;2701506;AL;DCA-Anexo I-C;Padrão;Receitas Brutas Realizadas;RO1.3.2.1.00.1.0;1.3.2.1.00.1.0 - Remuneração de Depósitos Bancários;23603,35;9678
2018;Prefeitura Municipal de Campo Grande - AL;2701506;AL;DCA-Anexo I-C;Padrão;Receitas Brutas Realizadas;RO1.7.0.0.00.0.0;1.7.0.0.00.0.0 - Transferências Correntes;28709474,19;9678
2018;Prefeitura Municipal de Campo Grande - AL;2701506;AL;DCA-Anexo I-C;Padrão;Deduções - FUNDEB;RO1.7.0.0.00.0.0;1.7.0.0.00.0.0 - Transferências Correntes;2610751,99;9678
2018;Prefeitura Municipal de Campo Grande - AL;2701506;AL;DCA-Anexo I-C;Padrão;Receitas Brutas Realizadas;RO1.7.1.0.00.0.0;1.7.1.0.00.0.0 - Transferências da União e de suas Entidades;13530761,54;9678
2018;Prefeitura Municipal de Campo Grande - AL;2701506;AL;DCA-Anexo I-C;Padrão;Deduções - FUNDEB;RO1.7.1.0.00.0.0;1.7.1.0.00.0.0 - Transferências da União e de suas Entidades;1714443,83;9678
2018;Prefeitura Municipal de Campo Grande - AL;2701506;AL;DCA-Anexo I-C;Padrão;Receitas Brutas Realizadas;RO1.7.1.8.00.0.0;1.7.1.8.00.0.0 Transferências da União - Específicas de Estados, DF e Municípios;13530761,54;9678
2018;Prefeitura Municipal de Campo Grande - AL;2701506;AL;DCA-Anexo I-C;Padrão;Deduções - FUNDEB;RO1.7.1.8.00.0.0;1.7.1.8.00.0.0 Transferências da União - Específicas de Estados, DF e Municípios;1714443,83;9678
2018;Prefeitura Municipal de Campo Grande - AL;2701506;AL;DCA-Anexo I-C;Padrão;Receitas Brutas Realizadas;RO1.7.1.8.01.0.0;1.7.1.8.01.0.0 Participação na Receita da União;9305422,53;9678
2018;Prefeitura Municipal de Campo Grande - AL;2701506;AL;DCA-Anexo I-C;Padrão;Deduções - FUNDEB;RO1.7.1.8.01.0.0;1.7.1.8.01.0.0 Participação na Receita da União;1711043,27;9678
2018;Prefeitura Municipal de Campo Grande - AL;2701506;AL;DCA-Anexo I-C;Padrão;Receitas Brutas Realizadas;RO1.7.1.8.01.2.0;1.7.1.8.01.2.0 Cota-Parte do Fundo de Participação dos Municípios - Cota Mensal;8549688,69;9678
2018;Prefeitura Municipal de Campo Grande - AL;2701506;AL;DCA-Anexo I-C;Padrão;Deduções - FUNDEB;RO1.7.1.8.01.2.0;1.7.1.8.01.2.0 Cota-Parte do Fundo de Participação dos Municípios - Cota Mensal;1709937,47;9678
2018;Prefeitura Municipal de Campo Grande - AL;2701506;AL;DCA-Anexo I-C;Padrão;Receitas Brutas Realizadas;RO1.7.1.8.01.3.0;1.7.1.8.01.3.0 Cota-Parte do Fundo de Participação do Municípios ¿ 1% Cota entregue no mês de dezembro;379724,93;9678
2018;Prefeitura Municipal de Campo Grande - AL;2701506;AL;DCA-Anexo I-C;Padrão;Receitas Brutas Realizadas;RO1.7.1.8.01.4.0;1.7.1.8.01.4.0 Cota-Parte do Fundo de Participação dos Municípios - 1% Cota entregue no mês de julho;370479,61;9678
2018;Prefeitura Municipal de Campo Grande - AL;2701506;AL;DCA-Anexo I-C;Padrão;Receitas Brutas Realizadas;RO1.7.1.8.01.5.0;1.7.1.8.01.5.0 Cota-Parte do Imposto Sobre a Propriedade Territorial Rural;5529,30;9678
2018;Prefeitura Municipal de Campo Grande - AL;2701506;AL;DCA-Anexo I-C;Padrão;Deduções - FUNDEB;RO1.7.1.8.01.5.0;1.7.1.8.01.5.0 Cota-Parte do Imposto Sobre a Propriedade Territorial Rural;1105,80;9678
2018;Prefeitura Municipal de Campo Grande - AL;2701506;AL;DCA-Anexo I-C;Padrão;Receitas Brutas Realizadas;RO1.7.1.8.02.0.0;1.7.1.8.02.0.0 Transferência da Compensação Financeira pela Exploração de Recursos Naturais;142210,65;9678
2018;Prefeitura Municipal de Campo Grande - AL;2701506;AL;DCA-Anexo I-C;Padrão;Receitas Brutas Realizadas;RO1.7.1.8.02.6.0;1.7.1.8.02.6.0 Cota-Parte do Fundo Especial do Petróleo ¿ FEP;142210,65;9678
2018;Prefeitura Municipal de Campo Grande - AL;2701506;AL;DCA-Anexo I-C;Padrão;Receitas Brutas Realizadas;RO1.7.1.8.03.0.0;1.7.1.8.03.0.0 Transferência de Recursos do Sistema Único de Saúde ¿ SUS ¿ Repasses Fundo a Fundo;2921874,14;9678
2018;Prefeitura Municipal de Campo Grande - AL;2701506;AL;DCA-Anexo I-C;Padrão;Receitas Brutas Realizadas;RO1.7.1.8.05.0.0;1.7.1.8.05.0.0 Transferências de Recursos do Fundo Nacional do Desenvolvimento da Educação ¿ FNDE;732054,95;9678
2018;Prefeitura Municipal de Campo Grande - AL;2701506;AL;DCA-Anexo I-C;Padrão;Receitas Brutas Realizadas;RO1.7.1.8.05.1.0;1.7.1.8.05.1.0 Transferências do Salário-Educação;295414,97;9678
2018;Prefeitura Municipal de Campo Grande - AL;2701506;AL;DCA-Anexo I-C;Padrão;Receitas Brutas Realizadas;RO1.7.1.8.05.2.0;1.7.1.8.05.2.0 Transferências Diretas do FNDE referentes ao Programa Dinheiro Direto na Escola ¿ PDDE;5720,00;9678
2018;Prefeitura Municipal de Campo Grande - AL;2701506;AL;DCA-Anexo I-C;Padrão;Receitas Brutas Realizadas;RO1.7.1.8.05.3.0;1.7.1.8.05.3.0 Transferências Diretas do FNDE referentes ao Programa Nacional de Alimentação Escolar ¿ PNAE;302678,00;9678
2018;Prefeitura Municipal de Campo Grande - AL;2701506;AL;DCA-Anexo I-C;Padrão;Receitas Brutas Realizadas;RO1.7.1.8.05.4.0;1.7.1.8.05.4.0 Transferências Diretas do FNDE referentes ao Programa Nacional de Apoio ao Transporte do Escolar ¿ PNATE;73381,78;9678
2018;Prefeitura Municipal de Campo Grande - AL;2701506;AL;DCA-Anexo I-C;Padrão;Receitas Brutas Realizadas;RO1.7.1.8.05.9.0;1.7.1.8.05.9.0 Outras Transferências Diretas do Fundo Nacional do Desenvolvimento da Educação ¿ FNDE;54860,20;9678
2018;Prefeitura Municipal de Campo Grande - AL;2701506;AL;DCA-Anexo I-C;Padrão;Receitas Brutas Realizadas;RO1.7.1.8.06.0.0;1.7.1.8.06.0.0 Transferência Financeira do ICMS ¿ Desoneração ¿ L.C. Nº 87/96;17003,04;9678
2018;Prefeitura Municipal de Campo Grande - AL;2701506;AL;DCA-Anexo I-C;Padrão;Deduções - FUNDEB;RO1.7.1.8.06.0.0;1.7.1.8.06.0.0 Transferência Financeira do ICMS ¿ Desoneração ¿ L.C. Nº 87/96;3400,56;9678
2018;Prefeitura Municipal de Campo Grande - AL;2701506;AL;DCA-Anexo I-C;Padrão;Receitas Brutas Realizadas;RO1.7.1.8.06.1.0;1.7.1.8.06.1.0 Transferência Financeira do ICMS ¿ Desoneração ¿ L.C. Nº 87/96;17003,04;9678
2018;Prefeitura Municipal de Campo Grande - AL;2701506;AL;DCA-Anexo I-C;Padrão;Deduções - FUNDEB;RO1.7.1.8.06.1.0;1.7.1.8.06.1.0 Transferência Financeira do ICMS ¿ Desoneração ¿ L.C. Nº 87/96;3400,56;9678
2018;Prefeitura Municipal de Campo Grande - AL;2701506;AL;DCA-Anexo I-C;Padrão;Receitas Brutas Realizadas;RO1.7.1.8.99.0.0;1.7.1.8.99.0.0 Outras Transferências da União;412196,23;9678
2018;Prefeitura Municipal de Campo Grande - AL;2701506;AL;DCA-Anexo I-C;Padrão;Receitas Brutas Realizadas;RO1.7.2.0.00.0.0;1.7.2.0.00.0.0 - Transferências dos Estados e do Distrito Federal e de suas Entidades;4498858,65;9678
2018;Prefeitura Municipal de Campo Grande - AL;2701506;AL;DCA-Anexo I-C;Padrão;Deduções - FUNDEB;RO1.7.2.0.00.0.0;1.7.2.0.00.0.0 - Transferências dos Estados e do Distrito Federal e de suas Entidades;896308,16;9678
2018;Prefeitura Municipal de Campo Grande - AL;2701506;AL;DCA-Anexo I-C;Padrão;Receitas Brutas Realizadas;RO1.7.2.8.00.0.0;1.7.2.8.00.0.0 Transferências dos Estados - Específicas de Estados, DF e Municípios;4498858,65;9678
2018;Prefeitura Municipal de Campo Grande - AL;2701506;AL;DCA-Anexo I-C;Padrão;Deduções - FUNDEB;RO1.7.2.8.00.0.0;1.7.2.8.00.0.0 Transferências dos Estados - Específicas de Estados, DF e Municípios;896308,16;9678
2018;Prefeitura Municipal de Campo Grande - AL;2701506;AL;DCA-Anexo I-C;Padrão;Receitas Brutas Realizadas;RO1.7.2.8.01.0.0;1.7.2.8.01.0.0 Participação na Receita dos Estados;4498858,65;9678
2018;Prefeitura Municipal de Campo Grande - AL;2701506;AL;DCA-Anexo I-C;Padrão;Deduções - FUNDEB;RO1.7.2.8.01.0.0;1.7.2.8.01.0.0 Participação na Receita dos Estados;896308,16;9678
2018;Prefeitura Municipal de Campo Grande - AL;2701506;AL;DCA-Anexo I-C;Padrão;Receitas Brutas Realizadas;RO1.7.2.8.01.1.0;1.7.2.8.01.1.0 Cota-Parte do ICMS;4243514,07;9678
2018;Prefeitura Municipal de Campo Grande - AL;2701506;AL;DCA-Anexo I-C;Padrão;Deduções - FUNDEB;RO1.7.2.8.01.1.0;1.7.2.8.01.1.0 Cota-Parte do ICMS;848702,86;9678
2018;Prefeitura Municipal de Campo Grande - AL;2701506;AL;DCA-Anexo I-C;Padrão;Receitas Brutas Realizadas;RO1.7.2.8.01.2.0;1.7.2.8.01.2.0 Cota-Parte do IPVA;224909,67;9678
2018;Prefeitura Municipal de Campo Grande - AL;2701506;AL;DCA-Anexo I-C;Padrão;Deduções - FUNDEB;RO1.7.2.8.01.2.0;1.7.2.8.01.2.0 Cota-Parte do IPVA;44981,97;9678
2018;Prefeitura Municipal de Campo Grande - AL;2701506;AL;DCA-Anexo I-C;Padrão;Receitas Brutas Realizadas;RO1.7.2.8.01.3.0;1.7.2.8.01.3.0 Cota-Parte do IPI - Municípios;13116,49;9678
2018;Prefeitura Municipal de Campo Grande - AL;2701506;AL;DCA-Anexo I-C;Padrão;Deduções - FUNDEB;RO1.7.2.8.01.3.0;1.7.2.8.01.3.0 Cota-Parte do IPI - Municípios;2623,33;9678
2018;Prefeitura Municipal de Campo Grande - AL;2701506;AL;DCA-Anexo I-C;Padrão;Receitas Brutas Realizadas;RO1.7.2.8.01.4.0;1.7.2.8.01.4.0 Cota-Parte da Contribuição de Intervenção no Domínio Econômico;17318,42;9678
2018;Prefeitura Municipal de Campo Grande - AL;2701506;AL;DCA-Anexo I-C;Padrão;Receitas Brutas Realizadas;RO1.7.5.0.00.0.0;1.7.5.0.00.0.0 - Transferências de Outras Instituições Públicas;10679854,00;9678
2018;Prefeitura Municipal de Campo Grande - AL;2701506;AL;DCA-Anexo I-C;Padrão;Receitas Brutas Realizadas;RO1.7.5.8.00.0.0;1.7.5.8.00.0.0 Transferências de Outras Instituições Públicas - Específicas de Estados, DF e Municípios;10679854,00;9678
2018;Prefeitura Municipal de Campo Grande - AL;2701506;AL;DCA-Anexo I-C;Padrão;Receitas Brutas Realizadas;RO1.7.5.8.01.0.0;1.7.5.8.01.0.0 Transferências de Recursos do Fundo de Manutenção e Desenvolvimento da Educação Básica e de Valorização dos Profissionais da Educação ¿ FUNDEB;10679854,00;9678
2018;Prefeitura Municipal de Campo Grande - AL;2701506;AL;DCA-Anexo I-C;Padrão;Receitas Brutas Realizadas;RO1.9.0.0.00.0.0;1.9.0.0.00.0.0 - Outras Receitas Correntes;1270749,33;9678
2018;Prefeitura Municipal de Campo Grande - AL;2701506;AL;DCA-Anexo I-C;Padrão;Receitas Brutas Realizadas;RO1.9.2.0.00.0.0;1.9.2.0.00.0.0 - Indenizações, Restituições e Ressarcimentos;1270749,33;9678
2018;Prefeitura Municipal de Campo Grande - AL;2701506;AL;DCA-Anexo I-C;Padrão;Receitas Brutas Realizadas;RO1.9.2.1.00.0.0;1.9.2.1.00.0.0 - Indenizações;1009354,02;9678
2018;Prefeitura Municipal de Campo Grande - AL;2701506;AL;DCA-Anexo I-C;Padrão;Receitas Brutas Realizadas;RO1.9.2.2.00.0.0;1.9.2.2.00.0.0 - Restituições;261395,31;9678
2018;Prefeitura Municipal de Campo Grande - AL;2701506;AL;DCA-Anexo I-C;Padrão;Receitas Brutas Realizadas;RO1.9.2.2.99.0.0;1.9.2.2.99.0.0 - Outras Restituições;261395,31;9678
2018;Prefeitura Municipal de Campo Grande - AL;2701506;AL;DCA-Anexo I-C;Padrão;Receitas Brutas Realizadas;RO2.0.0.0.00.0.0;2.0.0.0.00.0.0 - Receitas de Capital;553216,33;9678
2018;Prefeitura Municipal de Campo Grande - AL;2701506;AL;DCA-Anexo I-C;Padrão;Receitas Brutas Realizadas;RO2.4.0.0.00.0.0;2.4.0.0.00.0.0 - Transferências de Capital;553216,33;9678
2018;Prefeitura Municipal de Campo Grande - AL;2701506;AL;DCA-Anexo I-C;Padrão;Receitas Brutas Realizadas;RO2.4.1.0.00.0.0;2.4.1.0.00.0.0 - Transferências da União e de suas Entidades;553216,33;9678
2018;Prefeitura Municipal de Campo Grande - AL;2701506;AL;DCA-Anexo I-C;Padrão;Receitas Brutas Realizadas;RO2.4.1.0.00.1.0;2.4.1.0.00.1.0 Transferências da União e de suas Entidades;553216,33;9678
2019;Prefeitura Municipal de Campo Grande - AL;2701506;AL;DCA-Anexo I-C;Padrão;Receitas Brutas Realizadas;ReceitasExcetoIntraOrcamentarias;RECEITAS (EXCETO INTRA-ORÇAMENTÁRIAS) (I);35455546,96;9549
2019;Prefeitura Municipal de Campo Grande - AL;2701506;AL;DCA-Anexo I-C;Padrão;Deduções - FUNDEB;ReceitasExcetoIntraOrcamentarias;RECEITAS (EXCETO INTRA-ORÇAMENTÁRIAS) (I);2800372,05;9549
2019;Prefeitura Municipal de Campo Grande - AL;2701506;AL;DCA-Anexo I-C;Padrão;Receitas Brutas Realizadas;RO1.0.0.0.00.0.0;1.0.0.0.00.0.0 - Receitas Correntes;35259025,36;9549
2019;Prefeitura Municipal de Campo Grande - AL;2701506;AL;DCA-Anexo I-C;Padrão;Deduções - FUNDEB;RO1.0.0.0.00.0.0;1.0.0.0.00.0.0 - Receitas Correntes;2800372,05;9549
2019;Prefeitura Municipal de Campo Grande - AL;2701506;AL;DCA-Anexo I-C;Padrão;Receitas Brutas Realizadas;RO1.1.0.0.00.0.0;1.1.0.0.00.0.0 - Impostos, Taxas e Contribuições de Melhoria;285694,18;9549
2019;Prefeitura Municipal de Campo Grande - AL;2701506;AL;DCA-Anexo I-C;Padrão;Receitas Brutas Realizadas;RO1.1.1.0.00.0.0;1.1.1.0.00.0.0 - Impostos;285694,18;9549
2019;Prefeitura Municipal de Campo Grande - AL;2701506;AL;DCA-Anexo I-C;Padrão;Receitas Brutas Realizadas;RO1.1.1.3.00.0.0;1.1.1.3.00.0.0 - Impostos sobre a Renda e Proventos de Qualquer Natureza;138904,05;9549
2019;Prefeitura Municipal de Campo Grande - AL;2701506;AL;DCA-Anexo I-C;Padrão;Receitas Brutas Realizadas;RO1.1.1.3.01.0.0;1.1.1.3.01.0.0 - Imposto sobre a Renda de Pessoa Física - IRPF;138904,05;9549
2019;Prefeitura Municipal de Campo Grande - AL;2701506;AL;DCA-Anexo I-C;Padrão;Receitas Brutas Realizadas;RO1.1.1.8.00.0.0;1.1.1.8.00.0.0 Impostos Específicos de Estados, DF e Municípios;141986,74;9549
2019;Prefeitura Municipal de Campo Grande - AL;2701506;AL;DCA-Anexo I-C;Padrão;Receitas Brutas Realizadas;RO1.1.1.8.01.0.0;1.1.1.8.01.0.0 Impostos sobre o Patrimônio para Estados/DF/Municípios;15400,00;9549
2019;Prefeitura Municipal de Campo Grande - AL;2701506;AL;DCA-Anexo I-C;Padrão;Receitas Brutas Realizadas;RO1.1.1.8.01.1.0;1.1.1.8.01.1.0 Imposto sobre a Propriedade Predial e Territorial Urbana;6900,00;9549
2019;Prefeitura Municipal de Campo Grande - AL;2701506;AL;DCA-Anexo I-C;Padrão;Receitas Brutas Realizadas;RO1.1.1.8.01.4.0;1.1.1.8.01.4.0 Imposto sobre Transmissão ¿Inter Vivos¿ de Bens Imóveis e de Direitos Reais sobre Imóveis;8500,00;9549
2019;Prefeitura Municipal de Campo Grande - AL;2701506;AL;DCA-Anexo I-C;Padrão;Receitas Brutas Realizadas;RO1.1.1.8.02.0.0;1.1.1.8.02.0.0 Impostos sobre a Produção, Circulação de Mercadorias e Serviços;126586,74;9549
2019;Prefeitura Municipal de Campo Grande - AL;2701506;AL;DCA-Anexo I-C;Padrão;Receitas Brutas Realizadas;RO1.1.1.8.02.3.0;1.1.1.8.02.3.0 Imposto sobre Serviços de Qualquer Natureza;126586,74;9549
2019;Prefeitura Municipal de Campo Grande - AL;2701506;AL;DCA-Anexo I-C;Padrão;Receitas Brutas Realizadas;RO1.1.1.9.00.0.0;1.1.1.9.00.0.0 - Outros Impostos;4803,39;9549
2019;Prefeitura Municipal de Campo Grande - AL;2701506;AL;DCA-Anexo I-C;Padrão;Receitas Brutas Realizadas;RO1.2.0.0.00.0.0;1.2.0.0.00.0.0 - Contribuições;4869,22;9549
2019;Prefeitura Municipal de Campo Grande - AL;2701506;AL;DCA-Anexo I-C;Padrão;Receitas Brutas Realizadas;RO1.2.2.0.00.0.0;1.2.2.0.00.0.0 - Contribuições Econômicas;4869,22;9549
2019;Prefeitura Municipal de Campo Grande - AL;2701506;AL;DCA-Anexo I-C;Padrão;Receitas Brutas Realizadas;RO1.2.2.0.99.0.0;1.2.2.0.99.0.0 - Outras Contribuições Econômicas;4869,22;9549
2019;Prefeitura Municipal de Campo Grande - AL;2701506;AL;DCA-Anexo I-C;Padrão;Receitas Brutas Realizadas;RO1.3.0.0.00.0.0;1.3.0.0.00.0.0 - Receita Patrimonial;16736,67;9549
2019;Prefeitura Municipal de Campo Grande - AL;2701506;AL;DCA-Anexo I-C;Padrão;Receitas Brutas Realizadas;RO1.3.2.0.00.0.0;1.3.2.0.00.0.0 - Valores Mobiliários;16736,67;9549
2019;Prefeitura Municipal de Campo Grande - AL;2701506;AL;DCA-Anexo I-C;Padrão;Receitas Brutas Realizadas;RO1.3.2.1.00.0.0;1.3.2.1.00.0.0 - Juros e Correções Monetárias;16736,67;9549
2019;Prefeitura Municipal de Campo Grande - AL;2701506;AL;DCA-Anexo I-C;Padrão;Receitas Brutas Realizadas;RO1.3.2.1.00.1.0;1.3.2.1.00.1.0 - Remuneração de Depósitos Bancários;16736,67;9549
2019;Prefeitura Municipal de Campo Grande - AL;2701506;AL;DCA-Anexo I-C;Padrão;Receitas Brutas Realizadas;RO1.7.0.0.00.0.0;1.7.0.0.00.0.0 - Transferências Correntes;33455353,22;9549
2019;Prefeitura Municipal de Campo Grande - AL;2701506;AL;DCA-Anexo I-C;Padrão;Deduções - FUNDEB;RO1.7.0.0.00.0.0;1.7.0.0.00.0.0 - Transferências Correntes;2800372,05;9549
2019;Prefeitura Municipal de Campo Grande - AL;2701506;AL;DCA-Anexo I-C;Padrão;Receitas Brutas Realizadas;RO1.7.1.0.00.0.0;1.7.1.0.00.0.0 - Transferências da União e de suas Entidades;17197936,31;9549
2019;Prefeitura Municipal de Campo Grande - AL;2701506;AL;DCA-Anexo I-C;Padrão;Deduções - FUNDEB;RO1.7.1.0.00.0.0;1.7.1.0.00.0.0 - Transferências da União e de suas Entidades;1865620,43;9549
2019;Prefeitura Municipal de Campo Grande - AL;2701506;AL;DCA-Anexo I-C;Padrão;Receitas Brutas Realizadas;RO1.7.1.8.00.0.0;1.7.1.8.00.0.0 Transferências da União - Específicas de Estados, DF e Municípios;17197936,31;9549
2019;Prefeitura Municipal de Campo Grande - AL;2701506;AL;DCA-Anexo I-C;Padrão;Deduções - FUNDEB;RO1.7.1.8.00.0.0;1.7.1.8.00.0.0 Transferências da União - Específicas de Estados, DF e Municípios;1865620,43;9549
2019;Prefeitura Municipal de Campo Grande - AL;2701506;AL;DCA-Anexo I-C;Padrão;Receitas Brutas Realizadas;RO1.7.1.8.01.0.0;1.7.1.8.01.0.0 Participação na Receita da União;10135822,91;9549
2019;Prefeitura Municipal de Campo Grande - AL;2701506;AL;DCA-Anexo I-C;Padrão;Deduções - FUNDEB;RO1.7.1.8.01.0.0;1.7.1.8.01.0.0 Participação na Receita da União;1865620,43;9549
2019;Prefeitura Municipal de Campo Grande - AL;2701506;AL;DCA-Anexo I-C;Padrão;Receitas Brutas Realizadas;RO1.7.1.8.01.2.0;1.7.1.8.01.2.0 Cota-Parte do Fundo de Participação dos Municípios - Cota Mensal;9323439,28;9549
2019;Prefeitura Municipal de Campo Grande - AL;2701506;AL;DCA-Anexo I-C;Padrão;Deduções - FUNDEB;RO1.7.1.8.01.2.0;1.7.1.8.01.2.0 Cota-Parte do Fundo de Participação dos Municípios - Cota Mensal;1864687,69;9549
2019;Prefeitura Municipal de Campo Grande - AL;2701506;AL;DCA-Anexo I-C;Padrão;Receitas Brutas Realizadas;RO1.7.1.8.01.3.0;1.7.1.8.01.3.0 Cota-Parte do Fundo de Participação do Municípios ¿ 1% Cota entregue no mês de dezembro;411460,65;9549
2019;Prefeitura Municipal de Campo Grande - AL;2701506;AL;DCA-Anexo I-C;Padrão;Receitas Brutas Realizadas;RO1.7.1.8.01.4.0;1.7.1.8.01.4.0 Cota-Parte do Fundo de Participação dos Municípios - 1% Cota entregue no mês de julho;396259,10;9549
2019;Prefeitura Municipal de Campo Grande - AL;2701506;AL;DCA-Anexo I-C;Padrão;Receitas Brutas Realizadas;RO1.7.1.8.01.5.0;1.7.1.8.01.5.0 Cota-Parte do Imposto Sobre a Propriedade Territorial Rural;4663,88;9549
2019;Prefeitura Municipal de Campo Grande - AL;2701506;AL;DCA-Anexo I-C;Padrão;Deduções - FUNDEB;RO1.7.1.8.01.5.0;1.7.1.8.01.5.0 Cota-Parte do Imposto Sobre a Propriedade Territorial Rural;932,74;9549
2019;Prefeitura Municipal de Campo Grande - AL;2701506;AL;DCA-Anexo I-C;Padrão;Receitas Brutas Realizadas;RO1.7.1.8.02.0.0;1.7.1.8.02.0.0 Transferência da Compensação Financeira pela Exploração de Recursos Naturais;143654,63;9549
2019;Prefeitura Municipal de Campo Grande - AL;2701506;AL;DCA-Anexo I-C;Padrão;Receitas Brutas Realizadas;RO1.7.1.8.02.6.0;1.7.1.8.02.6.0 Cota-Parte do Fundo Especial do Petróleo ¿ FEP;143654,63;9549
2019;Prefeitura Municipal de Campo Grande - AL;2701506;AL;DCA-Anexo I-C;Padrão;Receitas Brutas Realizadas;RO1.7.1.8.03.0.0;"1.7.1.8.03.0.0 Transferência de Recursos do Sistema Único de Saúde ¿ 
 SUS ¿ Bloco Custeio das Ações e Serviços Públicos de Saúde";3288533,78;9549
2019;Prefeitura Municipal de Campo Grande - AL;2701506;AL;DCA-Anexo I-C;Padrão;Receitas Brutas Realizadas;RO1.7.1.8.03.1.0;1.7.1.8.03.1.0 - Transferência de Recursos do SUS ¿ Atenção Básica;2541007,91;9549
2019;Prefeitura Municipal de Campo Grande - AL;2701506;AL;DCA-Anexo I-C;Padrão;Receitas Brutas Realizadas;RO1.7.1.8.03.2.0;1.7.1.8.03.2.0 - Transferência de Recursos do SUS ¿ Atenção de Média e Alta Complexidade Ambulatorial e Hospitalar;80366,28;9549
2019;Prefeitura Municipal de Campo Grande - AL;2701506;AL;DCA-Anexo I-C;Padrão;Receitas Brutas Realizadas;RO1.7.1.8.03.4.0;1.7.1.8.03.4.0 - Transferência de Recursos do SUS ¿ Assistência Farmacêutica;41640,52;9549
2019;Prefeitura Municipal de Campo Grande - AL;2701506;AL;DCA-Anexo I-C;Padrão;Receitas Brutas Realizadas;RO1.7.1.8.03.9.0;1.7.1.8.03.9.0 - Transferência de Recursos do SUS ¿ Outros Programas Financiados por Transferências Fundo a Fundo;625519,07;9549
2019;Prefeitura Municipal de Campo Grande - AL;2701506;AL;DCA-Anexo I-C;Padrão;Receitas Brutas Realizadas;RO1.7.1.8.05.0.0;1.7.1.8.05.0.0 Transferências de Recursos do Fundo Nacional do Desenvolvimento da Educação ¿ FNDE;583746,88;9549
2019;Prefeitura Municipal de Campo Grande - AL;2701506;AL;DCA-Anexo I-C;Padrão;Receitas Brutas Realizadas;RO1.7.1.8.05.1.0;1.7.1.8.05.1.0 Transferências do Salário-Educação;336377,04;9549
2019;Prefeitura Municipal de Campo Grande - AL;2701506;AL;DCA-Anexo I-C;Padrão;Receitas Brutas Realizadas;RO1.7.1.8.05.3.0;1.7.1.8.05.3.0 Transferências Diretas do FNDE referentes ao Programa Nacional de Alimentação Escolar ¿ PNAE;220849,20;9549
2019;Prefeitura Municipal de Campo Grande - AL;2701506;AL;DCA-Anexo I-C;Padrão;Receitas Brutas Realizadas;RO1.7.1.8.05.4.0;1.7.1.8.05.4.0 Transferências Diretas do FNDE referentes ao Programa Nacional de Apoio ao Transporte do Escolar ¿ PNATE;26520,64;9549
2019;Prefeitura Municipal de Campo Grande - AL;2701506;AL;DCA-Anexo I-C;Padrão;Receitas Brutas Realizadas;RO1.7.1.8.10.0.0;1.7.1.8.10.0.0 Transferências de Convênios da União e de Suas Entidades;3046178,11;9549
2019;Prefeitura Municipal de Campo Grande - AL;2701506;AL;DCA-Anexo I-C;Padrão;Receitas Brutas Realizadas;RO1.7.1.8.10.9.0;1.7.1.8.10.9.0 Outras Transferências de Convênios da União;3046178,11;9549
2019;Prefeitura Municipal de Campo Grande - AL;2701506;AL;DCA-Anexo I-C;Padrão;Receitas Brutas Realizadas;RO1.7.2.0.00.0.0;1.7.2.0.00.0.0 - Transferências dos Estados e do Distrito Federal e de suas Entidades;4684099,21;9549
2019;Prefeitura Municipal de Campo Grande - AL;2701506;AL;DCA-Anexo I-C;Padrão;Deduções - FUNDEB;RO1.7.2.0.00.0.0;1.7.2.0.00.0.0 - Transferências dos Estados e do Distrito Federal e de suas Entidades;934751,62;9549
2019;Prefeitura Municipal de Campo Grande - AL;2701506;AL;DCA-Anexo I-C;Padrão;Receitas Brutas Realizadas;RO1.7.2.8.00.0.0;1.7.2.8.00.0.0 Transferências dos Estados - Específicas de Estados, DF e Municípios;4684099,21;9549
2019;Prefeitura Municipal de Campo Grande - AL;2701506;AL;DCA-Anexo I-C;Padrão;Deduções - FUNDEB;RO1.7.2.8.00.0.0;1.7.2.8.00.0.0 Transferências dos Estados - Específicas de Estados, DF e Municípios;934751,62;9549
2019;Prefeitura Municipal de Campo Grande - AL;2701506;AL;DCA-Anexo I-C;Padrão;Receitas Brutas Realizadas;RO1.7.2.8.01.0.0;1.7.2.8.01.0.0 Participação na Receita dos Estados;4684099,21;9549
2019;Prefeitura Municipal de Campo Grande - AL;2701506;AL;DCA-Anexo I-C;Padrão;Deduções - FUNDEB;RO1.7.2.8.01.0.0;1.7.2.8.01.0.0 Participação na Receita dos Estados;934751,62;9549
2019;Prefeitura Municipal de Campo Grande - AL;2701506;AL;DCA-Anexo I-C;Padrão;Receitas Brutas Realizadas;RO1.7.2.8.01.1.0;1.7.2.8.01.1.0 Cota-Parte do ICMS;4427180,87;9549
2019;Prefeitura Municipal de Campo Grande - AL;2701506;AL;DCA-Anexo I-C;Padrão;Deduções - FUNDEB;RO1.7.2.8.01.1.0;1.7.2.8.01.1.0 Cota-Parte do ICMS;885436,26;9549
2019;Prefeitura Municipal de Campo Grande - AL;2701506;AL;DCA-Anexo I-C;Padrão;Receitas Brutas Realizadas;RO1.7.2.8.01.2.0;1.7.2.8.01.2.0 Cota-Parte do IPVA;244344,82;9549
2019;Prefeitura Municipal de Campo Grande - AL;2701506;AL;DCA-Anexo I-C;Padrão;Deduções - FUNDEB;RO1.7.2.8.01.2.0;1.7.2.8.01.2.0 Cota-Parte do IPVA;48869,03;9549
2019;Prefeitura Municipal de Campo Grande - AL;2701506;AL;DCA-Anexo I-C;Padrão;Receitas Brutas Realizadas;RO1.7.2.8.01.3.0;1.7.2.8.01.3.0 Cota-Parte do IPI - Municípios;2231,43;9549
2019;Prefeitura Municipal de Campo Grande - AL;2701506;AL;DCA-Anexo I-C;Padrão;Deduções - FUNDEB;RO1.7.2.8.01.3.0;1.7.2.8.01.3.0 Cota-Parte do IPI - Municípios;446,33;9549
2019;Prefeitura Municipal de Campo Grande - AL;2701506;AL;DCA-Anexo I-C;Padrão;Receitas Brutas Realizadas;RO1.7.2.8.01.4.0;1.7.2.8.01.4.0 Cota-Parte da Contribuição de Intervenção no Domínio Econômico;10342,09;9549
2019;Prefeitura Municipal de Campo Grande - AL;2701506;AL;DCA-Anexo I-C;Padrão;Receitas Brutas Realizadas;RO1.7.5.0.00.0.0;1.7.5.0.00.0.0 - Transferências de Outras Instituições Públicas;11573317,70;9549
2019;Prefeitura Municipal de Campo Grande - AL;2701506;AL;DCA-Anexo I-C;Padrão;Receitas Brutas Realizadas;RO1.7.5.8.00.0.0;1.7.5.8.00.0.0 Transferências de Outras Instituições Públicas - Específicas de Estados, DF e Municípios;11573317,70;9549
2019;Prefeitura Municipal de Campo Grande - AL;2701506;AL;DCA-Anexo I-C;Padrão;Receitas Brutas Realizadas;RO1.7.5.8.01.0.0;1.7.5.8.01.0.0 Transferências de Recursos do Fundo de Manutenção e Desenvolvimento da Educação Básica e de Valorização dos Profissionais da Educação ¿ FUNDEB;11573317,70;9549
2019;Prefeitura Municipal de Campo Grande - AL;2701506;AL;DCA-Anexo I-C;Padrão;Receitas Brutas Realizadas;RO1.9.0.0.00.0.0;1.9.0.0.00.0.0 - Outras Receitas Correntes;1496372,07;9549
2019;Prefeitura Municipal de Campo Grande - AL;2701506;AL;DCA-Anexo I-C;Padrão;Receitas Brutas Realizadas;RO1.9.2.0.00.0.0;1.9.2.0.00.0.0 - Indenizações, Restituições e Ressarcimentos;1496372,07;9549
2019;Prefeitura Municipal de Campo Grande - AL;2701506;AL;DCA-Anexo I-C;Padrão;Receitas Brutas Realizadas;RO1.9.2.1.00.0.0;1.9.2.1.00.0.0 - Indenizações;1490376,60;9549
2019;Prefeitura Municipal de Campo Grande - AL;2701506;AL;DCA-Anexo I-C;Padrão;Receitas Brutas Realizadas;RO1.9.2.1.99.0.0;1.9.2.1.99.0.0 - Outras Indenizações;1490376,60;9549
2019;Prefeitura Municipal de Campo Grande - AL;2701506;AL;DCA-Anexo I-C;Padrão;Receitas Brutas Realizadas;RO1.9.2.2.00.0.0;1.9.2.2.00.0.0 - Restituições;5995,47;9549
2019;Prefeitura Municipal de Campo Grande - AL;2701506;AL;DCA-Anexo I-C;Padrão;Receitas Brutas Realizadas;RO1.9.2.2.99.0.0;1.9.2.2.99.0.0 - Outras Restituições;5995,47;9549
2019;Prefeitura Municipal de Campo Grande - AL;2701506;AL;DCA-Anexo I-C;Padrão;Receitas Brutas Realizadas;RO2.0.0.0.00.0.0;2.0.0.0.00.0.0 - Receitas de Capital;196521,60;9549
2019;Prefeitura Municipal de Campo Grande - AL;2701506;AL;DCA-Anexo I-C;Padrão;Receitas Brutas Realizadas;RO2.4.0.0.00.0.0;2.4.0.0.00.0.0 - Transferências de Capital;196521,60;9549
2019;Prefeitura Municipal de Campo Grande - AL;2701506;AL;DCA-Anexo I-C;Padrão;Receitas Brutas Realizadas;RO2.4.1.0.00.0.0;2.4.1.0.00.0.0 - Transferências da União e de suas Entidades;196521,60;9549
2019;Prefeitura Municipal de Campo Grande - AL;2701506;AL;DCA-Anexo I-C;Padrão;Receitas Brutas Realizadas;RO2.4.1.0.00.1.0;2.4.1.0.00.1.0 Transferências da União e de suas Entidades;195000,00;9549
2019;Prefeitura Municipal de Campo Grande - AL;2701506;AL;DCA-Anexo I-C;Padrão;Receitas Brutas Realizadas;RO2.4.1.8.00.0.0;2.4.1.8.00.0.0 Transferências da União - Específicas de Estados, DF e Municípios;1521,60;9549
2019;Prefeitura Municipal de Campo Grande - AL;2701506;AL;DCA-Anexo I-C;Padrão;Receitas Brutas Realizadas;RO2.4.1.8.10.0.0;2.4.1.8.10.0.0 Transferência de Convênios da União e de suas Entidades;1521,60;9549
2019;Prefeitura Municipal de Campo Grande - AL;2701506;AL;DCA-Anexo I-C;Padrão;Receitas Brutas Realizadas;RO2.4.1.8.10.9.0;2.4.1.8.10.9.0 - Outras Transferências de Convênios da União;1521,60;9549
2019;Prefeitura Municipal de Campo Grande - AL;2701506;AL;DCA-Anexo I-C;Padrão;Receitas Brutas Realizadas;TotalReceitas;TOTAL DAS RECEITAS (III) = (I + II);35455546,96;9549
2019;Prefeitura Municipal de Campo Grande - AL;2701506;AL;DCA-Anexo I-C;Padrão;Deduções - FUNDEB;TotalReceitas;TOTAL DAS RECEITAS (III) = (I + II);2800372,05;9549
2020;Prefeitura Municipal de Campo Grande - AL;2701506;AL;DCA-Anexo I-C;Padrão;Receitas Brutas Realizadas;ReceitasExcetoIntraOrcamentarias;RECEITAS (EXCETO INTRA-ORÇAMENTÁRIAS) (I);38926378,07;9558
2020;Prefeitura Municipal de Campo Grande - AL;2701506;AL;DCA-Anexo I-C;Padrão;Deduções - Transferências Constitucionais;ReceitasExcetoIntraOrcamentarias;RECEITAS (EXCETO INTRA-ORÇAMENTÁRIAS) (I);2749514,59;9558
2020;Prefeitura Municipal de Campo Grande - AL;2701506;AL;DCA-Anexo I-C;Padrão;Receitas Brutas Realizadas;RO1.0.0.0.00.0.0;1.0.0.0.00.0.0 - Receitas Correntes;38089608,55;9558
2020;Prefeitura Municipal de Campo Grande - AL;2701506;AL;DCA-Anexo I-C;Padrão;Deduções - Transferências Constitucionais;RO1.0.0.0.00.0.0;1.0.0.0.00.0.0 - Receitas Correntes;2749514,59;9558
2020;Prefeitura Municipal de Campo Grande - AL;2701506;AL;DCA-Anexo I-C;Padrão;Receitas Brutas Realizadas;RO1.1.0.0.00.0.0;1.1.0.0.00.0.0 - Impostos, Taxas e Contribuições de Melhoria;1022457,99;9558
2020;Prefeitura Municipal de Campo Grande - AL;2701506;AL;DCA-Anexo I-C;Padrão;Receitas Brutas Realizadas;RO1.1.1.0.00.0.0;1.1.1.0.00.0.0 - Impostos;1022022,36;9558
2020;Prefeitura Municipal de Campo Grande - AL;2701506;AL;DCA-Anexo I-C;Padrão;Receitas Brutas Realizadas;RO1.1.1.3.00.0.0;1.1.1.3.00.0.0 - Impostos sobre a Renda e Proventos de Qualquer Natureza;506310,83;9558
2020;Prefeitura Municipal de Campo Grande - AL;2701506;AL;DCA-Anexo I-C;Padrão;Receitas Brutas Realizadas;RO1.1.1.3.01.0.0;1.1.1.3.01.0.0 - Imposto sobre a Renda de Pessoa Física - IRPF;506310,83;9558
2020;Prefeitura Municipal de Campo Grande - AL;2701506;AL;DCA-Anexo I-C;Padrão;Receitas Brutas Realizadas;RO1.1.1.8.00.0.0;1.1.1.8.00.0.0 Impostos Específicos de Estados, DF e Municípios;512646,76;9558
2020;Prefeitura Municipal de Campo Grande - AL;2701506;AL;DCA-Anexo I-C;Padrão;Receitas Brutas Realizadas;RO1.1.1.8.01.0.0;1.1.1.8.01.0.0 Impostos sobre o Patrimônio para Estados/DF/Municípios;109424,00;9558
2020;Prefeitura Municipal de Campo Grande - AL;2701506;AL;DCA-Anexo I-C;Padrão;Receitas Brutas Realizadas;RO1.1.1.8.01.1.0;1.1.1.8.01.1.0 Imposto sobre a Propriedade Predial e Territorial Urbana;48012,00;9558
2020;Prefeitura Municipal de Campo Grande - AL;2701506;AL;DCA-Anexo I-C;Padrão;Receitas Brutas Realizadas;RO1.1.1.8.01.4.0;1.1.1.8.01.4.0 Imposto sobre Transmissão ¿Inter Vivos¿ de Bens Imóveis e de Direitos Reais sobre Imóveis;61412,00;9558
2020;Prefeitura Municipal de Campo Grande - AL;2701506;AL;DCA-Anexo I-C;Padrão;Receitas Brutas Realizadas;RO1.1.1.8.02.0.0;1.1.1.8.02.0.0 Impostos sobre a Produção, Circulação de Mercadorias e Serviços;403222,76;9558
2020;Prefeitura Municipal de Campo Grande - AL;2701506;AL;DCA-Anexo I-C;Padrão;Receitas Brutas Realizadas;RO1.1.1.8.02.3.0;1.1.1.8.02.3.0 Imposto sobre Serviços de Qualquer Natureza;403222,76;9558
2020;Prefeitura Municipal de Campo Grande - AL;2701506;AL;DCA-Anexo I-C;Padrão;Receitas Brutas Realizadas;RO1.1.1.9.00.0.0;1.1.1.9.00.0.0 - Outros Impostos;3064,77;9558
2020;Prefeitura Municipal de Campo Grande - AL;2701506;AL;DCA-Anexo I-C;Padrão;Receitas Brutas Realizadas;RO1.1.2.0.00.0.0;1.1.2.0.00.0.0 - Taxas;435,63;9558
2020;Prefeitura Municipal de Campo Grande - AL;2701506;AL;DCA-Anexo I-C;Padrão;Receitas Brutas Realizadas;RO1.1.2.2.00.0.0;1.1.2.2.00.0.0 - Taxas pela Prestação de Serviços;435,63;9558
2020;Prefeitura Municipal de Campo Grande - AL;2701506;AL;DCA-Anexo I-C;Padrão;Receitas Brutas Realizadas;RO1.1.2.2.01.0.0;1.1.2.2.01.0.0 - Taxas pela Prestação de Serviços;435,63;9558
2020;Prefeitura Municipal de Campo Grande - AL;2701506;AL;DCA-Anexo I-C;Padrão;Receitas Brutas Realizadas;RO1.2.0.0.00.0.0;1.2.0.0.00.0.0 - Contribuições;3339,65;9558
2020;Prefeitura Municipal de Campo Grande - AL;2701506;AL;DCA-Anexo I-C;Padrão;Receitas Brutas Realizadas;RO1.2.2.0.00.0.0;1.2.2.0.00.0.0 - Contribuições Econômicas;3339,65;9558
2020;Prefeitura Municipal de Campo Grande - AL;2701506;AL;DCA-Anexo I-C;Padrão;Receitas Brutas Realizadas;RO1.2.2.0.99.0.0;1.2.2.0.99.0.0 - Outras Contribuições Econômicas;3339,65;9558
2020;Prefeitura Municipal de Campo Grande - AL;2701506;AL;DCA-Anexo I-C;Padrão;Receitas Brutas Realizadas;RO1.3.0.0.00.0.0;1.3.0.0.00.0.0 - Receita Patrimonial;8110,20;9558
2020;Prefeitura Municipal de Campo Grande - AL;2701506;AL;DCA-Anexo I-C;Padrão;Receitas Brutas Realizadas;RO1.3.2.0.00.0.0;1.3.2.0.00.0.0 - Valores Mobiliários;8110,20;9558
2020;Prefeitura Municipal de Campo Grande - AL;2701506;AL;DCA-Anexo I-C;Padrão;Receitas Brutas Realizadas;RO1.3.2.1.00.0.0;1.3.2.1.00.0.0 - Juros e Correções Monetárias;8110,20;9558
2020;Prefeitura Municipal de Campo Grande - AL;2701506;AL;DCA-Anexo I-C;Padrão;Receitas Brutas Realizadas;RO1.3.2.1.00.1.0;1.3.2.1.00.1.0 - Remuneração de Depósitos Bancários;8110,20;9558
2020;Prefeitura Municipal de Campo Grande - AL;2701506;AL;DCA-Anexo I-C;Padrão;Receitas Brutas Realizadas;RO1.7.0.0.00.0.0;1.7.0.0.00.0.0 - Transferências Correntes;34544740,48;9558
2020;Prefeitura Municipal de Campo Grande - AL;2701506;AL;DCA-Anexo I-C;Padrão;Deduções - Transferências Constitucionais;RO1.7.0.0.00.0.0;1.7.0.0.00.0.0 - Transferências Correntes;2749514,59;9558
2020;Prefeitura Municipal de Campo Grande - AL;2701506;AL;DCA-Anexo I-C;Padrão;Receitas Brutas Realizadas;RO1.7.1.0.00.0.0;1.7.1.0.00.0.0 - Transferências da União e de suas Entidades;20152414,22;9558
2020;Prefeitura Municipal de Campo Grande - AL;2701506;AL;DCA-Anexo I-C;Padrão;Deduções - Transferências Constitucionais;RO1.7.1.0.00.0.0;1.7.1.0.00.0.0 - Transferências da União e de suas Entidades;1781183,00;9558
2020;Prefeitura Municipal de Campo Grande - AL;2701506;AL;DCA-Anexo I-C;Padrão;Receitas Brutas Realizadas;RO1.7.1.8.00.0.0;1.7.1.8.00.0.0 Transferências da União - Específicas de Estados, DF e Municípios;20152414,22;9558
2020;Prefeitura Municipal de Campo Grande - AL;2701506;AL;DCA-Anexo I-C;Padrão;Deduções - Transferências Constitucionais;RO1.7.1.8.00.0.0;1.7.1.8.00.0.0 Transferências da União - Específicas de Estados, DF e Municípios;1781183,00;9558
2020;Prefeitura Municipal de Campo Grande - AL;2701506;AL;DCA-Anexo I-C;Padrão;Receitas Brutas Realizadas;RO1.7.1.8.01.0.0;1.7.1.8.01.0.0 Participação na Receita da União;9716573,11;9558
2020;Prefeitura Municipal de Campo Grande - AL;2701506;AL;DCA-Anexo I-C;Padrão;Deduções - Transferências Constitucionais;RO1.7.1.8.01.0.0;1.7.1.8.01.0.0 Participação na Receita da União;1781183,00;9558
2020;Prefeitura Municipal de Campo Grande - AL;2701506;AL;DCA-Anexo I-C;Padrão;Receitas Brutas Realizadas;RO1.7.1.8.01.2.0;1.7.1.8.01.2.0 Cota-Parte do Fundo de Participação dos Municípios - Cota Mensal;8901495,17;9558
2020;Prefeitura Municipal de Campo Grande - AL;2701506;AL;DCA-Anexo I-C;Padrão;Deduções - Transferências Constitucionais;RO1.7.1.8.01.2.0;1.7.1.8.01.2.0 Cota-Parte do Fundo de Participação dos Municípios - Cota Mensal;1780298,73;9558
2020;Prefeitura Municipal de Campo Grande - AL;2701506;AL;DCA-Anexo I-C;Padrão;Receitas Brutas Realizadas;RO1.7.1.8.01.3.0;1.7.1.8.01.3.0 Cota-Parte do Fundo de Participação do Municípios ¿ 1% Cota entregue no mês de dezembro;401424,59;9558
2020;Prefeitura Municipal de Campo Grande - AL;2701506;AL;DCA-Anexo I-C;Padrão;Receitas Brutas Realizadas;RO1.7.1.8.01.4.0;1.7.1.8.01.4.0 Cota-Parte do Fundo de Participação dos Municípios - 1% Cota entregue no mês de julho;400570,57;9558
2020;Prefeitura Municipal de Campo Grande - AL;2701506;AL;DCA-Anexo I-C;Padrão;Receitas Brutas Realizadas;RO1.7.1.8.01.5.0;1.7.1.8.01.5.0 Cota-Parte do Imposto Sobre a Propriedade Territorial Rural;4421,57;9558
2020;Prefeitura Municipal de Campo Grande - AL;2701506;AL;DCA-Anexo I-C;Padrão;Deduções - Transferências Constitucionais;RO1.7.1.8.01.5.0;1.7.1.8.01.5.0 Cota-Parte do Imposto Sobre a Propriedade Territorial Rural;884,27;9558
2020;Prefeitura Municipal de Campo Grande - AL;2701506;AL;DCA-Anexo I-C;Padrão;Receitas Brutas Realizadas;RO1.7.1.8.01.7.0;1.7.1.8.01.7.0 Cota-Parte da Contribuição de Intervenção no Domínio Econômico;8661,21;9558
2020;Prefeitura Municipal de Campo Grande - AL;2701506;AL;DCA-Anexo I-C;Padrão;Receitas Brutas Realizadas;RO1.7.1.8.02.0.0;1.7.1.8.02.0.0 Transferência da Compensação Financeira pela Exploração de Recursos Naturais;508950,98;9558
2020;Prefeitura Municipal de Campo Grande - AL;2701506;AL;DCA-Anexo I-C;Padrão;Receitas Brutas Realizadas;RO1.7.1.8.02.6.0;1.7.1.8.02.6.0 Cota-Parte do Fundo Especial do Petróleo ¿ FEP;508950,98;9558
2020;Prefeitura Municipal de Campo Grande - AL;2701506;AL;DCA-Anexo I-C;Padrão;Receitas Brutas Realizadas;RO1.7.1.8.03.0.0;"1.7.1.8.03.0.0 Transferência de Recursos do Sistema Único de Saúde ¿ 
 SUS ¿ Bloco Custeio das Ações e Serviços Públicos de Saúde";4597441,43;9558
2020;Prefeitura Municipal de Campo Grande - AL;2701506;AL;DCA-Anexo I-C;Padrão;Receitas Brutas Realizadas;RO1.7.1.8.03.1.0;1.7.1.8.03.1.0 - Transferência de Recursos do SUS ¿ Atenção Básica;1841837,62;9558
2020;Prefeitura Municipal de Campo Grande - AL;2701506;AL;DCA-Anexo I-C;Padrão;Receitas Brutas Realizadas;RO1.7.1.8.03.2.0;1.7.1.8.03.2.0 - Transferência de Recursos do SUS ¿ Atenção de Média e Alta Complexidade Ambulatorial e Hospitalar;80366,28;9558
2020;Prefeitura Municipal de Campo Grande - AL;2701506;AL;DCA-Anexo I-C;Padrão;Receitas Brutas Realizadas;RO1.7.1.8.03.3.0;1.7.1.8.03.3.0 - Transferência de Recursos do SUS ¿ Vigilância em Saúde;100171,59;9558
2020;Prefeitura Municipal de Campo Grande - AL;2701506;AL;DCA-Anexo I-C;Padrão;Receitas Brutas Realizadas;RO1.7.1.8.03.4.0;1.7.1.8.03.4.0 - Transferência de Recursos do SUS ¿ Assistência Farmacêutica;87558,00;9558
2020;Prefeitura Municipal de Campo Grande - AL;2701506;AL;DCA-Anexo I-C;Padrão;Receitas Brutas Realizadas;RO1.7.1.8.03.9.0;1.7.1.8.03.9.0 - Transferência de Recursos do SUS ¿ Outros Programas Financiados por Transferências Fundo a Fundo;2487507,94;9558
2020;Prefeitura Municipal de Campo Grande - AL;2701506;AL;DCA-Anexo I-C;Padrão;Receitas Brutas Realizadas;RO1.7.1.8.05.0.0;1.7.1.8.05.0.0 Transferências de Recursos do Fundo Nacional do Desenvolvimento da Educação ¿ FNDE;578461,91;9558
2020;Prefeitura Municipal de Campo Grande - AL;2701506;AL;DCA-Anexo I-C;Padrão;Receitas Brutas Realizadas;RO1.7.1.8.05.1.0;1.7.1.8.05.1.0 Transferências do Salário-Educação;248791,52;9558
2020;Prefeitura Municipal de Campo Grande - AL;2701506;AL;DCA-Anexo I-C;Padrão;Receitas Brutas Realizadas;RO1.7.1.8.05.3.0;1.7.1.8.05.3.0 Transferências Diretas do FNDE referentes ao Programa Nacional de Alimentação Escolar ¿ PNAE;264935,00;9558
2020;Prefeitura Municipal de Campo Grande - AL;2701506;AL;DCA-Anexo I-C;Padrão;Receitas Brutas Realizadas;RO1.7.1.8.05.4.0;1.7.1.8.05.4.0 Transferências Diretas do FNDE referentes ao Programa Nacional de Apoio ao Transporte do Escolar ¿ PNATE;64732,78;9558
2020;Prefeitura Municipal de Campo Grande - AL;2701506;AL;DCA-Anexo I-C;Padrão;Receitas Brutas Realizadas;RO1.7.1.8.05.9.0;1.7.1.8.05.9.0 Outras Transferências Diretas do Fundo Nacional do Desenvolvimento da Educação ¿ FNDE;2,61;9558
2020;Prefeitura Municipal de Campo Grande - AL;2701506;AL;DCA-Anexo I-C;Padrão;Receitas Brutas Realizadas;RO1.7.1.8.06.0.0;1.7.1.8.06.0.0 Transferência Financeira do ICMS ¿ Desoneração ¿ L.C. Nº 87/96;19010,11;9558
2020;Prefeitura Municipal de Campo Grande - AL;2701506;AL;DCA-Anexo I-C;Padrão;Receitas Brutas Realizadas;RO1.7.1.8.09.0.0;1.7.1.8.09.0.0 - Transferências de Recursos de Complementação da União ao Fundo de Manutenção e Desenvolvimento da Educação Básica e de Valorização dos Profissionais da Educação ¿ FUNDEB;2514679,08;9558
2020;Prefeitura Municipal de Campo Grande - AL;2701506;AL;DCA-Anexo I-C;Padrão;Receitas Brutas Realizadas;RO1.7.1.8.10.0.0;1.7.1.8.10.0.0 Transferências de Convênios da União e de Suas Entidades;163238,90;9558
2020;Prefeitura Municipal de Campo Grande - AL;2701506;AL;DCA-Anexo I-C;Padrão;Receitas Brutas Realizadas;RO1.7.1.8.10.9.0;1.7.1.8.10.9.0 Outras Transferências de Convênios da União;163238,90;9558
2020;Prefeitura Municipal de Campo Grande - AL;2701506;AL;DCA-Anexo I-C;Padrão;Receitas Brutas Realizadas;RO1.7.1.8.12.0.0;1.7.1.8.12.0.0 - Transferências de Recursos do Fundo Nacional de Assistência Social ¿ FNAS;412716,35;9558
2020;Prefeitura Municipal de Campo Grande - AL;2701506;AL;DCA-Anexo I-C;Padrão;Receitas Brutas Realizadas;RO1.7.1.8.99.0.0;1.7.1.8.99.0.0 Outras Transferências da União;1641342,35;9558
2020;Prefeitura Municipal de Campo Grande - AL;2701506;AL;DCA-Anexo I-C;Padrão;Receitas Brutas Realizadas;RO1.7.2.0.00.0.0;1.7.2.0.00.0.0 - Transferências dos Estados e do Distrito Federal e de suas Entidades;5423361,16;9558
2020;Prefeitura Municipal de Campo Grande - AL;2701506;AL;DCA-Anexo I-C;Padrão;Deduções - Transferências Constitucionais;RO1.7.2.0.00.0.0;1.7.2.0.00.0.0 - Transferências dos Estados e do Distrito Federal e de suas Entidades;968331,59;9558
2020;Prefeitura Municipal de Campo Grande - AL;2701506;AL;DCA-Anexo I-C;Padrão;Receitas Brutas Realizadas;RO1.7.2.8.00.0.0;1.7.2.8.00.0.0 Transferências dos Estados - Específicas de Estados, DF e Municípios;5423361,16;9558
2020;Prefeitura Municipal de Campo Grande - AL;2701506;AL;DCA-Anexo I-C;Padrão;Deduções - Transferências Constitucionais;RO1.7.2.8.00.0.0;1.7.2.8.00.0.0 Transferências dos Estados - Específicas de Estados, DF e Municípios;968331,59;9558
2020;Prefeitura Municipal de Campo Grande - AL;2701506;AL;DCA-Anexo I-C;Padrão;Receitas Brutas Realizadas;RO1.7.2.8.01.0.0;1.7.2.8.01.0.0 Participação na Receita dos Estados;5386896,16;9558
2020;Prefeitura Municipal de Campo Grande - AL;2701506;AL;DCA-Anexo I-C;Padrão;Deduções - Transferências Constitucionais;RO1.7.2.8.01.0.0;1.7.2.8.01.0.0 Participação na Receita dos Estados;968331,59;9558
2020;Prefeitura Municipal de Campo Grande - AL;2701506;AL;DCA-Anexo I-C;Padrão;Receitas Brutas Realizadas;RO1.7.2.8.01.1.0;1.7.2.8.01.1.0 Cota-Parte do ICMS;4546886,38;9558
2020;Prefeitura Municipal de Campo Grande - AL;2701506;AL;DCA-Anexo I-C;Padrão;Deduções - Transferências Constitucionais;RO1.7.2.8.01.1.0;1.7.2.8.01.1.0 Cota-Parte do ICMS;909377,35;9558
2020;Prefeitura Municipal de Campo Grande - AL;2701506;AL;DCA-Anexo I-C;Padrão;Receitas Brutas Realizadas;RO1.7.2.8.01.2.0;1.7.2.8.01.2.0 Cota-Parte do IPVA;284944,08;9558
2020;Prefeitura Municipal de Campo Grande - AL;2701506;AL;DCA-Anexo I-C;Padrão;Deduções - Transferências Constitucionais;RO1.7.2.8.01.2.0;1.7.2.8.01.2.0 Cota-Parte do IPVA;56988,88;9558
2020;Prefeitura Municipal de Campo Grande - AL;2701506;AL;DCA-Anexo I-C;Padrão;Receitas Brutas Realizadas;RO1.7.2.8.01.3.0;1.7.2.8.01.3.0 Cota-Parte do IPI - Municípios;9826,59;9558
2020;Prefeitura Municipal de Campo Grande - AL;2701506;AL;DCA-Anexo I-C;Padrão;Deduções - Transferências Constitucionais;RO1.7.2.8.01.3.0;1.7.2.8.01.3.0 Cota-Parte do IPI - Municípios;1965,36;9558
2020;Prefeitura Municipal de Campo Grande - AL;2701506;AL;DCA-Anexo I-C;Padrão;Receitas Brutas Realizadas;RO1.7.2.8.01.5.0;1.7.2.8.01.5.0 Outras Participações na Receita dos Estados;545239,11;9558
2020;Prefeitura Municipal de Campo Grande - AL;2701506;AL;DCA-Anexo I-C;Padrão;Receitas Brutas Realizadas;RO1.7.2.8.10.0.0;1.7.2.8.10.0.0 Transferência de Convênios dos Estados e do Distrito Federal e de Suas Entidades;36465,00;9558
2020;Prefeitura Municipal de Campo Grande - AL;2701506;AL;DCA-Anexo I-C;Padrão;Receitas Brutas Realizadas;RO1.7.2.8.10.9.0;1.7.2.8.10.9.0 Outras Transferências de Convênio dos Estados;36465,00;9558
2020;Prefeitura Municipal de Campo Grande - AL;2701506;AL;DCA-Anexo I-C;Padrão;Receitas Brutas Realizadas;RO1.7.5.0.00.0.0;1.7.5.0.00.0.0 - Transferências de Outras Instituições Públicas;8968965,10;9558
2020;Prefeitura Municipal de Campo Grande - AL;2701506;AL;DCA-Anexo I-C;Padrão;Receitas Brutas Realizadas;RO1.7.5.8.00.0.0;1.7.5.8.00.0.0 Transferências de Outras Instituições Públicas - Específicas de Estados, DF e Municípios;8968965,10;9558
2020;Prefeitura Municipal de Campo Grande - AL;2701506;AL;DCA-Anexo I-C;Padrão;Receitas Brutas Realizadas;RO1.7.5.8.01.0.0;1.7.5.8.01.0.0 Transferências de Recursos do Fundo de Manutenção e Desenvolvimento da Educação Básica e de Valorização dos Profissionais da Educação ¿ FUNDEB;8968965,10;9558
2020;Prefeitura Municipal de Campo Grande - AL;2701506;AL;DCA-Anexo I-C;Padrão;Receitas Brutas Realizadas;RO1.9.0.0.00.0.0;1.9.0.0.00.0.0 - Outras Receitas Correntes;2510960,23;9558
2020;Prefeitura Municipal de Campo Grande - AL;2701506;AL;DCA-Anexo I-C;Padrão;Receitas Brutas Realizadas;RO1.9.2.0.00.0.0;1.9.2.0.00.0.0 - Indenizações, Restituições e Ressarcimentos;2510960,23;9558
2020;Prefeitura Municipal de Campo Grande - AL;2701506;AL;DCA-Anexo I-C;Padrão;Receitas Brutas Realizadas;RO1.9.2.2.00.0.0;1.9.2.2.00.0.0 - Restituições;2510960,23;9558
2020;Prefeitura Municipal de Campo Grande - AL;2701506;AL;DCA-Anexo I-C;Padrão;Receitas Brutas Realizadas;RO1.9.2.2.99.0.0;1.9.2.2.99.0.0 - Outras Restituições;2510960,23;9558
2020;Prefeitura Municipal de Campo Grande - AL;2701506;AL;DCA-Anexo I-C;Padrão;Receitas Brutas Realizadas;RO2.0.0.0.00.0.0;2.0.0.0.00.0.0 - Receitas de Capital;836769,52;9558
2020;Prefeitura Municipal de Campo Grande - AL;2701506;AL;DCA-Anexo I-C;Padrão;Receitas Brutas Realizadas;RO2.4.0.0.00.0.0;2.4.0.0.00.0.0 - Transferências de Capital;836769,52;9558
2020;Prefeitura Municipal de Campo Grande - AL;2701506;AL;DCA-Anexo I-C;Padrão;Receitas Brutas Realizadas;RO2.4.3.0.00.0.0;2.4.3.0.00.0.0 - Transferências dos Municípios e de suas Entidades;836769,52;9558
2020;Prefeitura Municipal de Campo Grande - AL;2701506;AL;DCA-Anexo I-C;Padrão;Receitas Brutas Realizadas;RO2.4.3.0.00.1.0;2.4.3.0.00.1.0 Transferências dos Municípios e de suas Entidades;836769,52;9558
2020;Prefeitura Municipal de Campo Grande - AL;2701506;AL;DCA-Anexo I-C;Padrão;Receitas Brutas Realizadas;TotalReceitas;TOTAL DAS RECEITAS (III) = (I + II);38926378,07;9558
2020;Prefeitura Municipal de Campo Grande - AL;2701506;AL;DCA-Anexo I-C;Padrão;Deduções - Transferências Constitucionais;TotalReceitas;TOTAL DAS RECEITAS (III) = (I + II);2749514,59;9558
2021;Prefeitura Municipal de Campo Grande - AL;2701506;AL;DCA-Anexo I-C;Padrão;Receitas Brutas Realizadas;ReceitasExcetoIntraOrcamentarias;RECEITAS (EXCETO INTRA-ORÇAMENTÁRIAS) (I);38238182,79;9567
2021;Prefeitura Municipal de Campo Grande - AL;2701506;AL;DCA-Anexo I-C;Padrão;Deduções - FUNDEB;ReceitasExcetoIntraOrcamentarias;RECEITAS (EXCETO INTRA-ORÇAMENTÁRIAS) (I);3539963,65;9567
2021;Prefeitura Municipal de Campo Grande - AL;2701506;AL;DCA-Anexo I-C;Padrão;Receitas Brutas Realizadas;RO1.0.0.0.00.0.0;1.0.0.0.00.0.0 - Receitas Correntes;36431605,77;9567
2021;Prefeitura Municipal de Campo Grande - AL;2701506;AL;DCA-Anexo I-C;Padrão;Deduções - FUNDEB;RO1.0.0.0.00.0.0;1.0.0.0.00.0.0 - Receitas Correntes;3539963,65;9567
2021;Prefeitura Municipal de Campo Grande - AL;2701506;AL;DCA-Anexo I-C;Padrão;Receitas Brutas Realizadas;RO1.1.0.0.00.0.0;1.1.0.0.00.0.0 - Impostos, Taxas e Contribuições de Melhoria;659201,54;9567
2021;Prefeitura Municipal de Campo Grande - AL;2701506;AL;DCA-Anexo I-C;Padrão;Receitas Brutas Realizadas;RO1.1.1.0.00.0.0;1.1.1.0.00.0.0 - Impostos;659201,54;9567
2021;Prefeitura Municipal de Campo Grande - AL;2701506;AL;DCA-Anexo I-C;Padrão;Receitas Brutas Realizadas;RO1.1.1.3.00.0.0;1.1.1.3.00.0.0 - Impostos sobre a Renda e Proventos de Qualquer Natureza;328034,39;9567
2021;Prefeitura Municipal de Campo Grande - AL;2701506;AL;DCA-Anexo I-C;Padrão;Receitas Brutas Realizadas;RO1.1.1.3.01.0.0;1.1.1.3.01.0.0 - Imposto sobre a Renda de Pessoa Física - IRPF;328034,39;9567
2021;Prefeitura Municipal de Campo Grande - AL;2701506;AL;DCA-Anexo I-C;Padrão;Receitas Brutas Realizadas;RO1.1.1.8.00.0.0;1.1.1.8.00.0.0 - Impostos Específicos de Estados, DF e Municípios;324796,29;9567
2021;Prefeitura Municipal de Campo Grande - AL;2701506;AL;DCA-Anexo I-C;Padrão;Receitas Brutas Realizadas;RO1.1.1.8.01.0.0;1.1.1.8.01.0.0 - Impostos sobre o Patrimônio para Estados/DF/Municípios;81396,18;9567
2021;Prefeitura Municipal de Campo Grande - AL;2701506;AL;DCA-Anexo I-C;Padrão;Receitas Brutas Realizadas;RO1.1.1.8.01.1.0;1.1.1.8.01.1.0 - Imposto sobre a Propriedade Predial e Territorial Urbana;50096,18;9567
2021;Prefeitura Municipal de Campo Grande - AL;2701506;AL;DCA-Anexo I-C;Padrão;Receitas Brutas Realizadas;RO1.1.1.8.01.4.0;1.1.1.8.01.4.0 - Imposto sobre Transmissão ¿Inter Vivos¿ de Bens Imóveis e de Direitos Reais sobre Imóveis;31300,00;9567
2021;Prefeitura Municipal de Campo Grande - AL;2701506;AL;DCA-Anexo I-C;Padrão;Receitas Brutas Realizadas;RO1.1.1.8.02.0.0;1.1.1.8.02.0.0 - Impostos sobre a Produção, Circulação de Mercadorias e Serviços;243400,11;9567
2021;Prefeitura Municipal de Campo Grande - AL;2701506;AL;DCA-Anexo I-C;Padrão;Receitas Brutas Realizadas;RO1.1.1.8.02.3.0;1.1.1.8.02.3.0 - Imposto sobre Serviços de Qualquer Natureza;243400,11;9567
2021;Prefeitura Municipal de Campo Grande - AL;2701506;AL;DCA-Anexo I-C;Padrão;Receitas Brutas Realizadas;RO1.1.1.9.00.0.0;1.1.1.9.00.0.0 - Outros Impostos;6370,86;9567
2021;Prefeitura Municipal de Campo Grande - AL;2701506;AL;DCA-Anexo I-C;Padrão;Receitas Brutas Realizadas;RO1.2.0.0.00.0.0;1.2.0.0.00.0.0 - Contribuições;7374,42;9567
2021;Prefeitura Municipal de Campo Grande - AL;2701506;AL;DCA-Anexo I-C;Padrão;Receitas Brutas Realizadas;RO1.2.2.0.00.0.0;1.2.2.0.00.0.0 - Contribuições Econômicas;7374,42;9567
2021;Prefeitura Municipal de Campo Grande - AL;2701506;AL;DCA-Anexo I-C;Padrão;Receitas Brutas Realizadas;RO1.2.2.0.99.0.0;1.2.2.0.99.0.0 - Outras Contribuições Econômicas;7374,42;9567
2021;Prefeitura Municipal de Campo Grande - AL;2701506;AL;DCA-Anexo I-C;Padrão;Receitas Brutas Realizadas;RO1.3.0.0.00.0.0;1.3.0.0.00.0.0 - Receita Patrimonial;20524,46;9567
2021;Prefeitura Municipal de Campo Grande - AL;2701506;AL;DCA-Anexo I-C;Padrão;Receitas Brutas Realizadas;RO1.3.2.0.00.0.0;1.3.2.0.00.0.0 - Valores Mobiliários;20524,46;9567
2021;Prefeitura Municipal de Campo Grande - AL;2701506;AL;DCA-Anexo I-C;Padrão;Receitas Brutas Realizadas;RO1.3.2.1.00.0.0;1.3.2.1.00.0.0 - Juros e Correções Monetárias;20524,46;9567
2021;Prefeitura Municipal de Campo Grande - AL;2701506;AL;DCA-Anexo I-C;Padrão;Receitas Brutas Realizadas;RO1.3.2.1.00.1.0;1.3.2.1.00.1.0 - Remuneração de Depósitos Bancários;20524,46;9567
2021;Prefeitura Municipal de Campo Grande - AL;2701506;AL;DCA-Anexo I-C;Padrão;Receitas Brutas Realizadas;RO1.7.0.0.00.0.0;1.7.0.0.00.0.0 - Transferências Correntes;35212005,35;9567
2021;Prefeitura Municipal de Campo Grande - AL;2701506;AL;DCA-Anexo I-C;Padrão;Deduções - FUNDEB;RO1.7.0.0.00.0.0;1.7.0.0.00.0.0 - Transferências Correntes;3539963,65;9567
2021;Prefeitura Municipal de Campo Grande - AL;2701506;AL;DCA-Anexo I-C;Padrão;Receitas Brutas Realizadas;RO1.7.1.0.00.0.0;1.7.1.0.00.0.0 - Transferências da União e de suas Entidades;21076291,31;9567
2021;Prefeitura Municipal de Campo Grande - AL;2701506;AL;DCA-Anexo I-C;Padrão;Deduções - FUNDEB;RO1.7.1.0.00.0.0;1.7.1.0.00.0.0 - Transferências da União e de suas Entidades;2403593,70;9567
2021;Prefeitura Municipal de Campo Grande - AL;2701506;AL;DCA-Anexo I-C;Padrão;Receitas Brutas Realizadas;RO1.7.1.8.00.0.0;1.7.1.8.00.0.0 - Transferências da União - Específicas de Estados, DF e Municípios;21076291,31;9567
2021;Prefeitura Municipal de Campo Grande - AL;2701506;AL;DCA-Anexo I-C;Padrão;Deduções - FUNDEB;RO1.7.1.8.00.0.0;1.7.1.8.00.0.0 - Transferências da União - Específicas de Estados, DF e Municípios;2403593,70;9567
2021;Prefeitura Municipal de Campo Grande - AL;2701506;AL;DCA-Anexo I-C;Padrão;Receitas Brutas Realizadas;RO1.7.1.8.01.0.0;1.7.1.8.01.0.0 - Participação na Receita da União;13015180,22;9567
2021;Prefeitura Municipal de Campo Grande - AL;2701506;AL;DCA-Anexo I-C;Padrão;Deduções - FUNDEB;RO1.7.1.8.01.0.0;1.7.1.8.01.0.0 - Participação na Receita da União;2403593,70;9567
2021;Prefeitura Municipal de Campo Grande - AL;2701506;AL;DCA-Anexo I-C;Padrão;Receitas Brutas Realizadas;RO1.7.1.8.01.2.0;1.7.1.8.01.2.0 - Cota-Parte do Fundo de Participação dos Municípios - Cota Mensal;12011551,73;9567
2021;Prefeitura Municipal de Campo Grande - AL;2701506;AL;DCA-Anexo I-C;Padrão;Deduções - FUNDEB;RO1.7.1.8.01.2.0;1.7.1.8.01.2.0 - Cota-Parte do Fundo de Participação dos Municípios - Cota Mensal;2402310,04;9567
2021;Prefeitura Municipal de Campo Grande - AL;2701506;AL;DCA-Anexo I-C;Padrão;Receitas Brutas Realizadas;RO1.7.1.8.01.3.0;1.7.1.8.01.3.0 - Cota-Parte do Fundo de Participação do Municípios ¿ 1% Cota entregue no mês de dezembro;526480,97;9567
2021;Prefeitura Municipal de Campo Grande - AL;2701506;AL;DCA-Anexo I-C;Padrão;Receitas Brutas Realizadas;RO1.7.1.8.01.4.0;1.7.1.8.01.4.0 - Cota-Parte do Fundo de Participação dos Municípios - 1% Cota entregue no mês de julho;465065,68;9567
2021;Prefeitura Municipal de Campo Grande - AL;2701506;AL;DCA-Anexo I-C;Padrão;Receitas Brutas Realizadas;RO1.7.1.8.01.5.0;1.7.1.8.01.5.0 - Cota-Parte do Imposto Sobre a Propriedade Territorial Rural;6418,55;9567
2021;Prefeitura Municipal de Campo Grande - AL;2701506;AL;DCA-Anexo I-C;Padrão;Deduções - FUNDEB;RO1.7.1.8.01.5.0;1.7.1.8.01.5.0 - Cota-Parte do Imposto Sobre a Propriedade Territorial Rural;1283,66;9567
2021;Prefeitura Municipal de Campo Grande - AL;2701506;AL;DCA-Anexo I-C;Padrão;Receitas Brutas Realizadas;RO1.7.1.8.01.7.0;1.7.1.8.01.7.0 - Cota-Parte da Contribuição de Intervenção no Domínio Econômico;5663,29;9567
2021;Prefeitura Municipal de Campo Grande - AL;2701506;AL;DCA-Anexo I-C;Padrão;Receitas Brutas Realizadas;RO1.7.1.8.02.0.0;1.7.1.8.02.0.0 - Transferência da Compensação Financeira pela Exploração de Recursos Naturais;232189,60;9567
2021;Prefeitura Municipal de Campo Grande - AL;2701506;AL;DCA-Anexo I-C;Padrão;Receitas Brutas Realizadas;RO1.7.1.8.02.6.0;1.7.1.8.02.6.0 - Cota-Parte do Fundo Especial do Petróleo ¿ FEP;232189,60;9567
2021;Prefeitura Municipal de Campo Grande - AL;2701506;AL;DCA-Anexo I-C;Padrão;Receitas Brutas Realizadas;RO1.7.1.8.03.0.0;1.7.1.8.03.0.0 - Transferência de Recursos do Sistema Único de Saúde ¿ SUS ¿ Repasses Fundo a Fundo - Bloco de Manutenção das Ações e Serviços Públicos de Saúde;5258324,26;9567
2021;Prefeitura Municipal de Campo Grande - AL;2701506;AL;DCA-Anexo I-C;Padrão;Receitas Brutas Realizadas;RO1.7.1.8.03.1.0;1.7.1.8.03.1.0 - Transferência de Recursos do SUS ¿ Atenção Primária;3220333,55;9567
2021;Prefeitura Municipal de Campo Grande - AL;2701506;AL;DCA-Anexo I-C;Padrão;Receitas Brutas Realizadas;RO1.7.1.8.03.2.0;1.7.1.8.03.2.0 - Transferência de Recursos do SUS ¿ Atenção Especializada;80366,28;9567
2021;Prefeitura Municipal de Campo Grande - AL;2701506;AL;DCA-Anexo I-C;Padrão;Receitas Brutas Realizadas;RO1.7.1.8.03.3.0;1.7.1.8.03.3.0 - Transferência de Recursos do SUS ¿ Vigilância em Saúde;113178,48;9567
2021;Prefeitura Municipal de Campo Grande - AL;2701506;AL;DCA-Anexo I-C;Padrão;Receitas Brutas Realizadas;RO1.7.1.8.03.4.0;1.7.1.8.03.4.0 - Transferência de Recursos do SUS ¿ Assistência Farmacêutica;84348,00;9567
2021;Prefeitura Municipal de Campo Grande - AL;2701506;AL;DCA-Anexo I-C;Padrão;Receitas Brutas Realizadas;RO1.7.1.8.03.5.0;1.7.1.8.03.5.0 - Transferência de Recursos do SUS ¿ Gestão do SUS;512169,60;9567
2021;Prefeitura Municipal de Campo Grande - AL;2701506;AL;DCA-Anexo I-C;Padrão;Receitas Brutas Realizadas;RO1.7.1.8.03.9.0;1.7.1.8.03.9.0 - Transferência de Recursos do SUS ¿ Outros Programas Financiados por Transferências Fundo a Fundo;1247928,35;9567
2021;Prefeitura Municipal de Campo Grande - AL;2701506;AL;DCA-Anexo I-C;Padrão;Receitas Brutas Realizadas;RO1.7.1.8.05.0.0;1.7.1.8.05.0.0 - Transferências de Recursos do Fundo Nacional do Desenvolvimento da Educação ¿ FNDE;340149,67;9567
2021;Prefeitura Municipal de Campo Grande - AL;2701506;AL;DCA-Anexo I-C;Padrão;Receitas Brutas Realizadas;RO1.7.1.8.05.1.0;1.7.1.8.05.1.0 - Transferências do Salário-Educação;155388,87;9567
2021;Prefeitura Municipal de Campo Grande - AL;2701506;AL;DCA-Anexo I-C;Padrão;Receitas Brutas Realizadas;RO1.7.1.8.05.3.0;1.7.1.8.05.3.0 - Transferências Diretas do FNDE referentes ao Programa Nacional de Alimentação Escolar ¿ PNAE;114760,80;9567
2021;Prefeitura Municipal de Campo Grande - AL;2701506;AL;DCA-Anexo I-C;Padrão;Receitas Brutas Realizadas;RO1.7.1.8.05.4.0;1.7.1.8.05.4.0 - Transferências Diretas do FNDE referentes ao Programa Nacional de Apoio ao Transporte do Escolar ¿ PNATE;70000,00;9567
2021;Prefeitura Municipal de Campo Grande - AL;2701506;AL;DCA-Anexo I-C;Padrão;Receitas Brutas Realizadas;RO1.7.1.8.06.0.0;1.7.1.8.06.0.0 - Transferência Financeira do ICMS ¿ Desoneração ¿ L.C. Nº 87/96;21750,96;9567
2021;Prefeitura Municipal de Campo Grande - AL;2701506;AL;DCA-Anexo I-C;Padrão;Receitas Brutas Realizadas;RO1.7.1.8.09.0.0;1.7.1.8.09.0.0 - Transferências de Recursos de Complementação da União ao Fundo de Manutenção e Desenvolvimento da Educação Básica e de Valorização dos Profissionais da Educação ¿ FUNDEB;1941673,76;9567
2021;Prefeitura Municipal de Campo Grande - AL;2701506;AL;DCA-Anexo I-C;Padrão;Receitas Brutas Realizadas;RO1.7.1.8.12.0.0;1.7.1.8.12.0.0 - Transferências de Recursos do Fundo Nacional de Assistência Social ¿ FNAS;267022,84;9567
2021;Prefeitura Municipal de Campo Grande - AL;2701506;AL;DCA-Anexo I-C;Padrão;Receitas Brutas Realizadas;RO1.7.2.0.00.0.0;1.7.2.0.00.0.0 - Transferências dos Estados e do Distrito Federal e de suas Entidades;5808991,18;9567
2021;Prefeitura Municipal de Campo Grande - AL;2701506;AL;DCA-Anexo I-C;Padrão;Deduções - FUNDEB;RO1.7.2.0.00.0.0;1.7.2.0.00.0.0 - Transferências dos Estados e do Distrito Federal e de suas Entidades;1136369,95;9567
2021;Prefeitura Municipal de Campo Grande - AL;2701506;AL;DCA-Anexo I-C;Padrão;Receitas Brutas Realizadas;RO1.7.2.8.00.0.0;1.7.2.8.00.0.0 - Transferências dos Estados - Específicas de Estados, DF e Municípios;5808991,18;9567
2021;Prefeitura Municipal de Campo Grande - AL;2701506;AL;DCA-Anexo I-C;Padrão;Deduções - FUNDEB;RO1.7.2.8.00.0.0;1.7.2.8.00.0.0 - Transferências dos Estados - Específicas de Estados, DF e Municípios;1136369,95;9567
2021;Prefeitura Municipal de Campo Grande - AL;2701506;AL;DCA-Anexo I-C;Padrão;Receitas Brutas Realizadas;RO1.7.2.8.01.0.0;1.7.2.8.01.0.0 - Participação na Receita dos Estados;5705039,18;9567
2021;Prefeitura Municipal de Campo Grande - AL;2701506;AL;DCA-Anexo I-C;Padrão;Deduções - FUNDEB;RO1.7.2.8.01.0.0;1.7.2.8.01.0.0 - Participação na Receita dos Estados;1136369,95;9567
2021;Prefeitura Municipal de Campo Grande - AL;2701506;AL;DCA-Anexo I-C;Padrão;Receitas Brutas Realizadas;RO1.7.2.8.01.1.0;1.7.2.8.01.1.0 - Cota-Parte do ICMS;5362493,23;9567
2021;Prefeitura Municipal de Campo Grande - AL;2701506;AL;DCA-Anexo I-C;Padrão;Deduções - FUNDEB;RO1.7.2.8.01.1.0;1.7.2.8.01.1.0 - Cota-Parte do ICMS;1072498,69;9567
2021;Prefeitura Municipal de Campo Grande - AL;2701506;AL;DCA-Anexo I-C;Padrão;Receitas Brutas Realizadas;RO1.7.2.8.01.2.0;1.7.2.8.01.2.0 - Cota-Parte do IPVA;316878,96;9567
2021;Prefeitura Municipal de Campo Grande - AL;2701506;AL;DCA-Anexo I-C;Padrão;Deduções - FUNDEB;RO1.7.2.8.01.2.0;1.7.2.8.01.2.0 - Cota-Parte do IPVA;63375,86;9567
2021;Prefeitura Municipal de Campo Grande - AL;2701506;AL;DCA-Anexo I-C;Padrão;Receitas Brutas Realizadas;RO1.7.2.8.01.3.0;1.7.2.8.01.3.0 - Cota-Parte do IPI - Municípios;2476,83;9567
2021;Prefeitura Municipal de Campo Grande - AL;2701506;AL;DCA-Anexo I-C;Padrão;Deduções - FUNDEB;RO1.7.2.8.01.3.0;1.7.2.8.01.3.0 - Cota-Parte do IPI - Municípios;495,40;9567
2021;Prefeitura Municipal de Campo Grande - AL;2701506;AL;DCA-Anexo I-C;Padrão;Receitas Brutas Realizadas;RO1.7.2.8.01.5.0;1.7.2.8.01.5.0 - Outras Participações na Receita dos Estados;23190,16;9567
2021;Prefeitura Municipal de Campo Grande - AL;2701506;AL;DCA-Anexo I-C;Padrão;Receitas Brutas Realizadas;RO1.7.2.8.10.0.0;1.7.2.8.10.0.0 - Transferência de Convênios dos Estados e do Distrito Federal e de Suas Entidades;103952,00;9567
2021;Prefeitura Municipal de Campo Grande - AL;2701506;AL;DCA-Anexo I-C;Padrão;Receitas Brutas Realizadas;RO1.7.2.8.10.2.0;1.7.2.8.10.2.0 - Transferências de Convênio dos Estados Destinadas a Programas de Educação;103952,00;9567
2021;Prefeitura Municipal de Campo Grande - AL;2701506;AL;DCA-Anexo I-C;Padrão;Receitas Brutas Realizadas;RO1.7.5.0.00.0.0;1.7.5.0.00.0.0 - Transferências de Outras Instituições Públicas;8326722,86;9567
2021;Prefeitura Municipal de Campo Grande - AL;2701506;AL;DCA-Anexo I-C;Padrão;Receitas Brutas Realizadas;RO1.7.5.8.00.0.0;1.7.5.8.00.0.0 - Transferências de Outras Instituições Públicas - Específicas de Estados, DF e Municípios;8326722,86;9567
2021;Prefeitura Municipal de Campo Grande - AL;2701506;AL;DCA-Anexo I-C;Padrão;Receitas Brutas Realizadas;RO1.7.5.8.01.0.0;1.7.5.8.01.0.0 - Transferências de Recursos do Fundo de Manutenção e Desenvolvimento da Educação Básica e de Valorização dos Profissionais da Educação ¿ FUNDEB;8326722,86;9567
2021;Prefeitura Municipal de Campo Grande - AL;2701506;AL;DCA-Anexo I-C;Padrão;Receitas Brutas Realizadas;RO1.9.0.0.00.0.0;1.9.0.0.00.0.0 - Outras Receitas Correntes;532500,00;9567
2021;Prefeitura Municipal de Campo Grande - AL;2701506;AL;DCA-Anexo I-C;Padrão;Receitas Brutas Realizadas;RO1.9.2.0.00.0.0;1.9.2.0.00.0.0 - Indenizações, Restituições e Ressarcimentos;532500,00;9567
2021;Prefeitura Municipal de Campo Grande - AL;2701506;AL;DCA-Anexo I-C;Padrão;Receitas Brutas Realizadas;RO1.9.2.2.00.0.0;1.9.2.2.00.0.0 - Restituições;532500,00;9567
2021;Prefeitura Municipal de Campo Grande - AL;2701506;AL;DCA-Anexo I-C;Padrão;Receitas Brutas Realizadas;RO1.9.2.2.99.0.0;1.9.2.2.99.0.0 - Outras Restituições;532500,00;9567
2021;Prefeitura Municipal de Campo Grande - AL;2701506;AL;DCA-Anexo I-C;Padrão;Receitas Brutas Realizadas;RO2.0.0.0.00.0.0;2.0.0.0.00.0.0 - Receitas de Capital;1806577,02;9567
2021;Prefeitura Municipal de Campo Grande - AL;2701506;AL;DCA-Anexo I-C;Padrão;Receitas Brutas Realizadas;RO2.4.0.0.00.0.0;2.4.0.0.00.0.0 - Transferências de Capital;1806577,02;9567
2021;Prefeitura Municipal de Campo Grande - AL;2701506;AL;DCA-Anexo I-C;Padrão;Receitas Brutas Realizadas;RO2.4.1.0.00.0.0;2.4.1.0.00.0.0 - Transferências da União e de suas Entidades;1806577,02;9567
2021;Prefeitura Municipal de Campo Grande - AL;2701506;AL;DCA-Anexo I-C;Padrão;Receitas Brutas Realizadas;RO2.4.1.8.00.0.0;2.4.1.8.00.0.0 - Transferências da União - Específicas de Estados, DF e Municípios;1806577,02;9567
2021;Prefeitura Municipal de Campo Grande - AL;2701506;AL;DCA-Anexo I-C;Padrão;Receitas Brutas Realizadas;RO2.4.1.8.10.0.0;2.4.1.8.10.0.0 - Transferência de Convênios da União e de suas Entidades;1806577,02;9567
2021;Prefeitura Municipal de Campo Grande - AL;2701506;AL;DCA-Anexo I-C;Padrão;Receitas Brutas Realizadas;RO2.4.1.8.10.9.0;2.4.1.8.10.9.0 - Outras Transferências de Convênios da União;1806577,02;9567
2021;Prefeitura Municipal de Campo Grande - AL;2701506;AL;DCA-Anexo I-C;Padrão;Receitas Brutas Realizadas;TotalReceitas;TOTAL DAS RECEITAS (III) = (I + II);38238182,79;9567
2021;Prefeitura Municipal de Campo Grande - AL;2701506;AL;DCA-Anexo I-C;Padrão;Deduções - FUNDEB;TotalReceitas;TOTAL DAS RECEITAS (III) = (I + II);3539963,65;9567
2024;Prefeitura Municipal de Campo Grande - AL;2701506;AL;DCA-Anexo I-C;Padrão;Receitas Brutas Realizadas;ReceitasExcetoIntraOrcamentarias;RECEITAS (EXCETO INTRA-ORÇAMENTÁRIAS) (I);85910954,50;8138
2024;Prefeitura Municipal de Campo Grande - AL;2701506;AL;DCA-Anexo I-C;Padrão;Deduções - Transferências Constitucionais;ReceitasExcetoIntraOrcamentarias;RECEITAS (EXCETO INTRA-ORÇAMENTÁRIAS) (I);2412785,13;8138
2024;Prefeitura Municipal de Campo Grande - AL;2701506;AL;DCA-Anexo I-C;Padrão;Deduções - FUNDEB;ReceitasExcetoIntraOrcamentarias;RECEITAS (EXCETO INTRA-ORÇAMENTÁRIAS) (I);2901588,53;8138
2024;Prefeitura Municipal de Campo Grande - AL;2701506;AL;DCA-Anexo I-C;Padrão;Receitas Brutas Realizadas;RO1.0.0.0.00.0.0;1.0.0.0.00.0.0 - Receitas Correntes;85910954,50;8138
2024;Prefeitura Municipal de Campo Grande - AL;2701506;AL;DCA-Anexo I-C;Padrão;Deduções - Transferências Constitucionais;RO1.0.0.0.00.0.0;1.0.0.0.00.0.0 - Receitas Correntes;2412785,13;8138
2024;Prefeitura Municipal de Campo Grande - AL;2701506;AL;DCA-Anexo I-C;Padrão;Deduções - FUNDEB;RO1.0.0.0.00.0.0;1.0.0.0.00.0.0 - Receitas Correntes;2901588,53;8138
2024;Prefeitura Municipal de Campo Grande - AL;2701506;AL;DCA-Anexo I-C;Padrão;Receitas Brutas Realizadas;RO1.1.0.0.00.0.0;1.1.0.0.00.0.0 - Impostos, Taxas e Contribuições de Melhoria;1390745,10;8138
2024;Prefeitura Municipal de Campo Grande - AL;2701506;AL;DCA-Anexo I-C;Padrão;Receitas Brutas Realizadas;RO1.1.1.0.00.0.0;1.1.1.0.00.0.0 - Impostos;1390745,10;8138
2024;Prefeitura Municipal de Campo Grande - AL;2701506;AL;DCA-Anexo I-C;Padrão;Receitas Brutas Realizadas;RO1.1.1.2.00.0.0;1.1.1.2.00.0.0 - Impostos sobre o Patrimônio;285243,00;8138
2024;Prefeitura Municipal de Campo Grande - AL;2701506;AL;DCA-Anexo I-C;Padrão;Receitas Brutas Realizadas;RO1.1.1.2.50.0.0;1.1.1.2.50.0.0 - Imposto sobre a Propriedade Predial e Territorial Urbana;209922,00;8138
2024;Prefeitura Municipal de Campo Grande - AL;2701506;AL;DCA-Anexo I-C;Padrão;Receitas Brutas Realizadas;RO1.1.1.2.53.0.0;"1.1.1.2.53.0.0 - Impostos sobre Transmissão ""Inter Vivos"" de Bens Imóveis e de Direitos Reais sobre Imóveis";75321,00;8138
2024;Prefeitura Municipal de Campo Grande - AL;2701506;AL;DCA-Anexo I-C;Padrão;Receitas Brutas Realizadas;RO1.1.1.3.00.0.0;1.1.1.3.00.0.0 - Impostos sobre a Renda e Proventos de Qualquer Natureza;386313,86;8138
2024;Prefeitura Municipal de Campo Grande - AL;2701506;AL;DCA-Anexo I-C;Padrão;Receitas Brutas Realizadas;RO1.1.1.3.01.0.0;1.1.1.3.01.0.0 - Imposto sobre a Renda de Pessoa Física - IRPF;386313,86;8138
2024;Prefeitura Municipal de Campo Grande - AL;2701506;AL;DCA-Anexo I-C;Padrão;Receitas Brutas Realizadas;RO1.1.1.4.00.0.0;1.1.1.4.00.0.0 - Impostos sobre a Produção e Circulação de Mercadorias e Serviços;719188,24;8138
2024;Prefeitura Municipal de Campo Grande - AL;2701506;AL;DCA-Anexo I-C;Padrão;Receitas Brutas Realizadas;RO1.1.1.4.51.0.0;1.1.1.4.51.0.0 - Impostos sobre Serviços;719188,24;8138
2024;Prefeitura Municipal de Campo Grande - AL;2701506;AL;DCA-Anexo I-C;Padrão;Receitas Brutas Realizadas;RO1.1.1.4.51.1.0;1.1.1.4.51.1.0 - Imposto sobre Serviços de Qualquer Natureza - ISSQN;719188,24;8138
2024;Prefeitura Municipal de Campo Grande - AL;2701506;AL;DCA-Anexo I-C;Padrão;Receitas Brutas Realizadas;RO1.2.0.0.00.0.0;1.2.0.0.00.0.0 - Contribuições;5896791,79;8138
2024;Prefeitura Municipal de Campo Grande - AL;2701506;AL;DCA-Anexo I-C;Padrão;Receitas Brutas Realizadas;RO1.2.4.0.00.0.0;1.2.4.0.00.0.0 - Contribuição para o Custeio do Serviço de Iluminação Pública;5896791,79;8138
2024;Prefeitura Municipal de Campo Grande - AL;2701506;AL;DCA-Anexo I-C;Padrão;Receitas Brutas Realizadas;RO1.3.0.0.00.0.0;1.3.0.0.00.0.0 - Receita Patrimonial;92286,45;8138
2024;Prefeitura Municipal de Campo Grande - AL;2701506;AL;DCA-Anexo I-C;Padrão;Receitas Brutas Realizadas;RO1.3.2.0.00.0.0;1.3.2.0.00.0.0 - Valores Mobiliários;92286,45;8138
2024;Prefeitura Municipal de Campo Grande - AL;2701506;AL;DCA-Anexo I-C;Padrão;Receitas Brutas Realizadas;RO1.3.2.9.00.0.0;1.3.2.9.00.0.0 - Outros Valores Mobiliários;92286,45;8138
2024;Prefeitura Municipal de Campo Grande - AL;2701506;AL;DCA-Anexo I-C;Padrão;Receitas Brutas Realizadas;RO1.7.0.0.00.0.0;1.7.0.0.00.0.0 - Transferências Correntes;78520752,08;8138
2024;Prefeitura Municipal de Campo Grande - AL;2701506;AL;DCA-Anexo I-C;Padrão;Deduções - Transferências Constitucionais;RO1.7.0.0.00.0.0;1.7.0.0.00.0.0 - Transferências Correntes;2412785,13;8138
2024;Prefeitura Municipal de Campo Grande - AL;2701506;AL;DCA-Anexo I-C;Padrão;Deduções - FUNDEB;RO1.7.0.0.00.0.0;1.7.0.0.00.0.0 - Transferências Correntes;2901588,53;8138
2024;Prefeitura Municipal de Campo Grande - AL;2701506;AL;DCA-Anexo I-C;Padrão;Receitas Brutas Realizadas;RO1.7.1.0.00.0.0;1.7.1.0.00.0.0 - Transferências da União e de suas Entidades;51989656,46;8138
2024;Prefeitura Municipal de Campo Grande - AL;2701506;AL;DCA-Anexo I-C;Padrão;Deduções - Transferências Constitucionais;RO1.7.1.0.00.0.0;1.7.1.0.00.0.0 - Transferências da União e de suas Entidades;680995,32;8138
2024;Prefeitura Municipal de Campo Grande - AL;2701506;AL;DCA-Anexo I-C;Padrão;Receitas Brutas Realizadas;RO1.7.1.1.00.0.0;1.7.1.1.00.0.0 - Transferências Decorrentes de Participação na Receita da União;19770365,66;8138
2024;Prefeitura Municipal de Campo Grande - AL;2701506;AL;DCA-Anexo I-C;Padrão;Deduções - Transferências Constitucionais;RO1.7.1.1.00.0.0;1.7.1.1.00.0.0 - Transferências Decorrentes de Participação na Receita da União;680995,32;8138
2024;Prefeitura Municipal de Campo Grande - AL;2701506;AL;DCA-Anexo I-C;Padrão;Receitas Brutas Realizadas;RO1.7.1.1.51.0.0;1.7.1.1.51.0.0 -Cota-Parte do Fundo de Participação dos Municípios - FPM;19751600,32;8138
2024;Prefeitura Municipal de Campo Grande - AL;2701506;AL;DCA-Anexo I-C;Padrão;Deduções - Transferências Constitucionais;RO1.7.1.1.51.0.0;1.7.1.1.51.0.0 -Cota-Parte do Fundo de Participação dos Municípios - FPM;680732,16;8138
2024;Prefeitura Municipal de Campo Grande - AL;2701506;AL;DCA-Anexo I-C;Padrão;Receitas Brutas Realizadas;RO1.7.1.1.51.1.0;1.7.1.1.51.1.0 - Cota-Parte do Fundo de Participação dos Municípios - Cota Mensal;17906264,55;8138
2024;Prefeitura Municipal de Campo Grande - AL;2701506;AL;DCA-Anexo I-C;Padrão;Deduções - Transferências Constitucionais;RO1.7.1.1.51.1.0;1.7.1.1.51.1.0 - Cota-Parte do Fundo de Participação dos Municípios - Cota Mensal;680732,16;8138
2024;Prefeitura Municipal de Campo Grande - AL;2701506;AL;DCA-Anexo I-C;Padrão;Receitas Brutas Realizadas;RO1.7.1.1.51.2.0;1.7.1.1.51.2.0 - Cota-Parte do Fundo de Participação dos Municípios - Cotas Extraordinárias;1845335,77;8138
2024;Prefeitura Municipal de Campo Grande - AL;2701506;AL;DCA-Anexo I-C;Padrão;Receitas Brutas Realizadas;RO1.7.1.1.52.0.0;1.7.1.1.52.0.0 - Cota-Parte do Imposto Sobre a Propriedade Territorial Rural;9536,55;8138
2024;Prefeitura Municipal de Campo Grande - AL;2701506;AL;DCA-Anexo I-C;Padrão;Deduções - Transferências Constitucionais;RO1.7.1.1.52.0.0;1.7.1.1.52.0.0 - Cota-Parte do Imposto Sobre a Propriedade Territorial Rural;263,16;8138
2024;Prefeitura Municipal de Campo Grande - AL;2701506;AL;DCA-Anexo I-C;Padrão;Receitas Brutas Realizadas;RO1.7.1.1.54.0.0;1.7.1.1.54.0.0 - Cota-Parte da Contribuição de Intervenção no Domínio Econômico;9228,79;8138
2024;Prefeitura Municipal de Campo Grande - AL;2701506;AL;DCA-Anexo I-C;Padrão;Receitas Brutas Realizadas;RO1.7.1.2.00.0.0;1.7.1.2.00.0.0 -Transferências das Compensações Financeiras pela Exploração de Recursos Naturais;353201,48;8138
2024;Prefeitura Municipal de Campo Grande - AL;2701506;AL;DCA-Anexo I-C;Padrão;Receitas Brutas Realizadas;RO1.7.1.2.50.0.0;1.7.1.2.50.0.0 - Cota-parte da Compensação Financeira pela Exploração de Recursos Hídricos;174,80;8138
2024;Prefeitura Municipal de Campo Grande - AL;2701506;AL;DCA-Anexo I-C;Padrão;Receitas Brutas Realizadas;RO1.7.1.2.52.0.0;1.7.1.2.52.0.0 - Cota-parte da Compensação Financeira pela Produção de Petróleo;353026,68;8138
2024;Prefeitura Municipal de Campo Grande - AL;2701506;AL;DCA-Anexo I-C;Padrão;Receitas Brutas Realizadas;RO1.7.1.2.52.4.0;1.7.1.2.52.4.0 - Cota-Parte do Fundo Especial do Petróleo ¿ FEP;353026,68;8138
2024;Prefeitura Municipal de Campo Grande - AL;2701506;AL;DCA-Anexo I-C;Padrão;Receitas Brutas Realizadas;RO1.7.1.3.00.0.0;1.7.1.3.00.0.0 -Transferências de Recursos do Sistema Único de Saúde ¿ SUS ;5843622,31;8138
2024;Prefeitura Municipal de Campo Grande - AL;2701506;AL;DCA-Anexo I-C;Padrão;Receitas Brutas Realizadas;RO1.7.1.3.50.0.0;1.7.1.3.50.0.0 - Transferências de Recursos do Sistema Único de Saúde ¿ SUS ¿ Repasses Fundo a Fundo - Bloco de Manutenção das Ações e Serviços Públicos de Saúde;5843622,31;8138
2024;Prefeitura Municipal de Campo Grande - AL;2701506;AL;DCA-Anexo I-C;Padrão;Receitas Brutas Realizadas;RO1.7.1.3.50.1.0;1.7.1.3.50.1.0 - Transferências de Recursos do Bloco de Manutenção das Ações e Serviços Públicos de Saúde ¿ Atenção Primária;2496951,52;8138
2024;Prefeitura Municipal de Campo Grande - AL;2701506;AL;DCA-Anexo I-C;Padrão;Receitas Brutas Realizadas;RO1.7.1.3.50.2.0;1.7.1.3.50.2.0 - Transferências de Recursos do Bloco de Manutenção das Ações e Serviços Públicos de Saúde ¿ Atenção Especializada;1883598,50;8138
2024;Prefeitura Municipal de Campo Grande - AL;2701506;AL;DCA-Anexo I-C;Padrão;Receitas Brutas Realizadas;RO1.7.1.3.50.3.0;1.7.1.3.50.3.0 - Transferências de Recursos do Bloco de Manutenção das Ações e Serviços Públicos de Saúde ¿ Vigilância em Saúde;1130377,77;8138
2024;Prefeitura Municipal de Campo Grande - AL;2701506;AL;DCA-Anexo I-C;Padrão;Receitas Brutas Realizadas;RO1.7.1.3.50.4.0;1.7.1.3.50.4.0 -Transferências de Recursos do Bloco de Manutenção das Ações e Serviços Públicos de Saúde ¿ Assistência Farmacêutica;75579,90;8138
2024;Prefeitura Municipal de Campo Grande - AL;2701506;AL;DCA-Anexo I-C;Padrão;Receitas Brutas Realizadas;RO1.7.1.3.50.5.0;1.7.1.3.50.5.0 - Transferências de Recursos do Bloco de Manutenção das Ações e Serviços Públicos de Saúde ¿ Gestão do SUS;257114,62;8138
2024;Prefeitura Municipal de Campo Grande - AL;2701506;AL;DCA-Anexo I-C;Padrão;Receitas Brutas Realizadas;RO1.7.1.4.00.0.0;1.7.1.4.00.0.0 -Transferências de Recursos do Fundo Nacional do Desenvolvimento da Educação ¿ FNDE¿ ;2167873,74;8138
2024;Prefeitura Municipal de Campo Grande - AL;2701506;AL;DCA-Anexo I-C;Padrão;Receitas Brutas Realizadas;RO1.7.1.4.50.0.0;1.7.1.4.50.0.0 - Transferências do Salário-Educação;1734730,84;8138
2024;Prefeitura Municipal de Campo Grande - AL;2701506;AL;DCA-Anexo I-C;Padrão;Receitas Brutas Realizadas;RO1.7.1.4.52.0.0;1.7.1.4.52.0.0 - Transferências referentes ao Programa Nacional de Alimentação Escolar ¿ PNAE;324776,66;8138
2024;Prefeitura Municipal de Campo Grande - AL;2701506;AL;DCA-Anexo I-C;Padrão;Receitas Brutas Realizadas;RO1.7.1.4.99.0.0;1.7.1.4.99.0.0 - Outras Transferências Diretas do Fundo Nacional do Desenvolvimento da Educação - FNDE;108366,24;8138
2024;Prefeitura Municipal de Campo Grande - AL;2701506;AL;DCA-Anexo I-C;Padrão;Receitas Brutas Realizadas;RO1.7.1.5.00.0.0;1.7.1.5.00.0.0 - Transferências de Recursos de Complementação da União ao Fundo de Manutenção e Desenvolvimento da Educação Básica e de Valorização dos Profissionais da Educação ¿ FUNDEB ;15716424,65;8138
2024;Prefeitura Municipal de Campo Grande - AL;2701506;AL;DCA-Anexo I-C;Padrão;Receitas Brutas Realizadas;RO1.7.1.6.00.0.0;1.7.1.6.00.0.0 - Transferências de Recursos do Fundo Nacional de Assistência Social ¿ FNAS;513094,36;8138
2024;Prefeitura Municipal de Campo Grande - AL;2701506;AL;DCA-Anexo I-C;Padrão;Receitas Brutas Realizadas;RO1.7.1.9.00.0.0;1.7.1.9.00.0.0 - Outras Transferências de Recursos da União e de suas Entidades;7625074,26;8138
2024;Prefeitura Municipal de Campo Grande - AL;2701506;AL;DCA-Anexo I-C;Padrão;Receitas Brutas Realizadas;RO1.7.1.9.99.0.0;1.7.1.9.99.0.0 - Outras Transferências de Recursos da União e de suas Entidades;7625074,26;8138
2024;Prefeitura Municipal de Campo Grande - AL;2701506;AL;DCA-Anexo I-C;Padrão;Receitas Brutas Realizadas;RO1.7.2.0.00.0.0;1.7.2.0.00.0.0 - Transferências dos Estados e do Distrito Federal e de suas Entidades;9461717,86;8138
2024;Prefeitura Municipal de Campo Grande - AL;2701506;AL;DCA-Anexo I-C;Padrão;Deduções - Transferências Constitucionais;RO1.7.2.0.00.0.0;1.7.2.0.00.0.0 - Transferências dos Estados e do Distrito Federal e de suas Entidades;1731789,81;8138
2024;Prefeitura Municipal de Campo Grande - AL;2701506;AL;DCA-Anexo I-C;Padrão;Receitas Brutas Realizadas;RO1.7.2.1.00.0.0;1.7.2.1.00.0.0 - Participação na Receita dos Estados e Distrito Federal;8661752,86;8138
2024;Prefeitura Municipal de Campo Grande - AL;2701506;AL;DCA-Anexo I-C;Padrão;Deduções - Transferências Constitucionais;RO1.7.2.1.00.0.0;1.7.2.1.00.0.0 - Participação na Receita dos Estados e Distrito Federal;1731789,81;8138
2024;Prefeitura Municipal de Campo Grande - AL;2701506;AL;DCA-Anexo I-C;Padrão;Receitas Brutas Realizadas;RO1.7.2.1.50.0.0;1.7.2.1.50.0.0 - Cota-Parte do ICMS;8061717,11;8138
2024;Prefeitura Municipal de Campo Grande - AL;2701506;AL;DCA-Anexo I-C;Padrão;Deduções - Transferências Constitucionais;RO1.7.2.1.50.0.0;1.7.2.1.50.0.0 - Cota-Parte do ICMS;1612338,78;8138
2024;Prefeitura Municipal de Campo Grande - AL;2701506;AL;DCA-Anexo I-C;Padrão;Receitas Brutas Realizadas;RO1.7.2.1.51.0.0;1.7.2.1.51.0.0 - Cota-Parte do IPVA;589276,60;8138
2024;Prefeitura Municipal de Campo Grande - AL;2701506;AL;DCA-Anexo I-C;Padrão;Deduções - Transferências Constitucionais;RO1.7.2.1.51.0.0;1.7.2.1.51.0.0 - Cota-Parte do IPVA;117855,82;8138
2024;Prefeitura Municipal de Campo Grande - AL;2701506;AL;DCA-Anexo I-C;Padrão;Receitas Brutas Realizadas;RO1.7.2.1.52.0.0;1.7.2.1.52.0.0 - Cota-Parte do IPI - Municípios;7996,12;8138
2024;Prefeitura Municipal de Campo Grande - AL;2701506;AL;DCA-Anexo I-C;Padrão;Deduções - Transferências Constitucionais;RO1.7.2.1.52.0.0;1.7.2.1.52.0.0 - Cota-Parte do IPI - Municípios;1595,21;8138
2024;Prefeitura Municipal de Campo Grande - AL;2701506;AL;DCA-Anexo I-C;Padrão;Receitas Brutas Realizadas;RO1.7.2.1.53.0.0;1.7.2.1.53.0.0 - Cota-Parte da Contribuição de Intervenção no Domínio Econômico;2763,03;8138
2024;Prefeitura Municipal de Campo Grande - AL;2701506;AL;DCA-Anexo I-C;Padrão;Receitas Brutas Realizadas;RO1.7.2.4.00.0.0;1.7.2.4.00.0.0 - Transferências de Convênios dos Estados e DF e de Suas Entidades;799965,00;8138
2024;Prefeitura Municipal de Campo Grande - AL;2701506;AL;DCA-Anexo I-C;Padrão;Receitas Brutas Realizadas;RO1.7.2.4.50.0.0;1.7.2.4.50.0.0 - Transferências de Convênios dos Estados e DF para o Sistema Único de Saúde ¿ SUS;799965,00;8138
2024;Prefeitura Municipal de Campo Grande - AL;2701506;AL;DCA-Anexo I-C;Padrão;Receitas Brutas Realizadas;RO1.7.5.0.00.0.0;1.7.5.0.00.0.0 - Transferências de Outras Instituições Públicas;17069377,76;8138
2024;Prefeitura Municipal de Campo Grande - AL;2701506;AL;DCA-Anexo I-C;Padrão;Deduções - FUNDEB;RO1.7.5.0.00.0.0;1.7.5.0.00.0.0 - Transferências de Outras Instituições Públicas;2901588,53;8138
2024;Prefeitura Municipal de Campo Grande - AL;2701506;AL;DCA-Anexo I-C;Padrão;Receitas Brutas Realizadas;RO1.7.5.1.00.0.0;1.7.5.1.00.0.0 - Transferências de Recursos do Fundo de Manutenção e Desenvolvimento da Educação Básica e de Valorização dos Profissionais da Educação - FUNDEB;17048236,96;8138
2024;Prefeitura Municipal de Campo Grande - AL;2701506;AL;DCA-Anexo I-C;Padrão;Deduções - FUNDEB;RO1.7.5.1.00.0.0;1.7.5.1.00.0.0 - Transferências de Recursos do Fundo de Manutenção e Desenvolvimento da Educação Básica e de Valorização dos Profissionais da Educação - FUNDEB;2901588,53;8138
2024;Prefeitura Municipal de Campo Grande - AL;2701506;AL;DCA-Anexo I-C;Padrão;Receitas Brutas Realizadas;RO1.7.5.9.00.0.0;1.7.5.9.00.0.0 - Demais Transferências de Outras Instituições Públicas;21140,80;8138
2024;Prefeitura Municipal de Campo Grande - AL;2701506;AL;DCA-Anexo I-C;Padrão;Receitas Brutas Realizadas;RO1.9.0.0.00.0.0;1.9.0.0.00.0.0 - Outras Receitas Correntes;10379,08;8138
2024;Prefeitura Municipal de Campo Grande - AL;2701506;AL;DCA-Anexo I-C;Padrão;Receitas Brutas Realizadas;RO1.9.2.0.00.0.0;1.9.2.0.00.0.0 - Indenizações, Restituições e Ressarcimentos;10379,08;8138
2024;Prefeitura Municipal de Campo Grande - AL;2701506;AL;DCA-Anexo I-C;Padrão;Receitas Brutas Realizadas;RO1.9.2.2.00.0.0;1.9.2.2.00.0.0 - Restituições;10379,08;8138
2024;Prefeitura Municipal de Campo Grande - AL;2701506;AL;DCA-Anexo I-C;Padrão;Receitas Brutas Realizadas;RO1.9.2.2.99.0.0;1.9.2.2.99.0.0 - Outras Restituições;10379,08;8138
2024;Prefeitura Municipal de Campo Grande - AL;2701506;AL;DCA-Anexo I-C;Padrão;Receitas Brutas Realizadas;TotalReceitas;TOTAL DAS RECEITAS (III) = (I + II);85910954,50;8138
2024;Prefeitura Municipal de Campo Grande - AL;2701506;AL;DCA-Anexo I-C;Padrão;Deduções - Transferências Constitucionais;TotalReceitas;TOTAL DAS RECEITAS (III) = (I + II);2412785,13;8138
2024;Prefeitura Municipal de Campo Grande - AL;2701506;AL;DCA-Anexo I-C;Padrão;Deduções - FUNDEB;TotalReceitas;TOTAL DAS RECEITAS (III) = (I + II);2901588,53;8138
